{"type":"FeatureCollection", "features": [
{"type":"Feature","geometry":{"type":"MultiPolygon","coordinates":[[[[146.7412,43.7497],[146.7416,43.7499],[146.7423,43.75],[146.7429,43.7498],[146.7435,43.7485],[146.7441,43.7482],[146.7444,43.7475],[146.7451,43.7472],[146.7455,43.7474],[146.7463,43.7481],[146.7465,43.748],[146.7465,43.7474],[146.7468,43.7474],[146.7476,43.7477],[146.748,43.7477],[146.7484,43.7481],[146.7495,43.7481],[146.75,43.7482],[146.7501,43.7489],[146.7503,43.7492],[146.7512,43.7493],[146.7518,43.7494],[146.7521,43.7498],[146.7523,43.7502],[146.7522,43.7508],[146.7524,43.7516],[146.752,43.7519],[146.7509,43.7523],[146.7505,43.7526],[146.7504,43.7532],[146.7499,43.7536],[146.7499,43.7543],[146.7496,43.7547],[146.7492,43.7549],[146.7495,43.7555],[146.7501,43.7556],[146.7508,43.7556],[146.7513,43.7559],[146.7518,43.7558],[146.7522,43.7553],[146.7525,43.7551],[146.7534,43.7549],[146.7539,43.7548],[146.7549,43.7552],[146.7557,43.7551],[146.7564,43.7548],[146.7568,43.7543],[146.7567,43.7536],[146.7571,43.753],[146.757,43.7522],[146.7571,43.7518],[146.7576,43.751],[146.7586,43.75],[146.7593,43.7496],[146.7597,43.7496],[146.7601,43.7497],[146.7608,43.7502],[146.7611,43.7505],[146.7618,43.7504],[146.7621,43.7506],[146.7624,43.7509],[146.7625,43.7515],[146.7629,43.7516],[146.7636,43.7512],[146.7647,43.7517],[146.7662,43.7528],[146.7667,43.7538],[146.7671,43.7544],[146.7674,43.7547],[146.768,43.7548],[146.7683,43.7551],[146.7682,43.7558],[146.7677,43.7567],[146.768,43.7576],[146.7684,43.7579],[146.7693,43.7578],[146.7694,43.7576],[146.7693,43.7568],[146.7695,43.7561],[146.7698,43.7561],[146.7707,43.7568],[146.7717,43.7575],[146.7727,43.7577],[146.7729,43.7578],[146.7732,43.7584],[146.7732,43.7591],[146.7728,43.7594],[146.7722,43.7594],[146.7713,43.76],[146.771,43.7601],[146.7701,43.7597],[146.7695,43.7598],[146.7691,43.76],[146.7688,43.7607],[146.7688,43.7611],[146.7692,43.7616],[146.7694,43.7623],[146.7698,43.763],[146.7696,43.7632],[146.7691,43.7634],[146.7688,43.7636],[146.7691,43.7644],[146.7691,43.7646],[146.7682,43.765],[146.7686,43.7657],[146.7693,43.7658],[146.7695,43.766],[146.7698,43.7666],[146.7708,43.7668],[146.7715,43.7667],[146.772,43.7662],[146.7727,43.765],[146.7731,43.7648],[146.7751,43.7644],[146.7757,43.764],[146.7759,43.7637],[146.7758,43.7631],[146.777,43.7624],[146.7773,43.7617],[146.7773,43.7611],[146.778,43.76],[146.7788,43.7594],[146.7783,43.7585],[146.7785,43.7583],[146.7791,43.7586],[146.7792,43.7582],[146.7795,43.7581],[146.7797,43.7589],[146.7805,43.7587],[146.7802,43.7581],[146.7806,43.7578],[146.7811,43.758],[146.7815,43.7577],[146.7813,43.7571],[146.7816,43.7569],[146.7821,43.7568],[146.7834,43.7571],[146.7842,43.7571],[146.7846,43.7573],[146.7851,43.7579],[146.7855,43.7581],[146.7866,43.7584],[146.7872,43.7588],[146.7864,43.7595],[146.7858,43.7598],[146.7854,43.7603],[146.7853,43.761],[146.785,43.7613],[146.7854,43.7622],[146.7857,43.7625],[146.7865,43.7632],[146.7874,43.7637],[146.7883,43.764],[146.7889,43.7642],[146.7895,43.7642],[146.79,43.7637],[146.7903,43.7638],[146.7908,43.7648],[146.7914,43.7652],[146.7919,43.7658],[146.7924,43.766],[146.793,43.7661],[146.7931,43.7663],[146.7925,43.7668],[146.7925,43.7674],[146.793,43.7678],[146.7934,43.7687],[146.7935,43.7691],[146.7934,43.7697],[146.7929,43.7704],[146.793,43.7707],[146.7938,43.771],[146.7939,43.7714],[146.7924,43.7713],[146.7913,43.771],[146.7902,43.771],[146.7895,43.7711],[146.789,43.7714],[146.7887,43.772],[146.7889,43.7724],[146.7896,43.7729],[146.7897,43.7735],[146.7896,43.7746],[146.7901,43.7753],[146.7895,43.7754],[146.7882,43.7754],[146.787,43.7757],[146.7867,43.7759],[146.7866,43.7762],[146.7869,43.7768],[146.7879,43.7778],[146.7888,43.7791],[146.7886,43.7793],[146.7881,43.7792],[146.7878,43.7795],[146.7881,43.7801],[146.7881,43.7809],[146.7885,43.7814],[146.7892,43.7818],[146.79,43.782],[146.7917,43.7821],[146.7922,43.7819],[146.7924,43.7814],[146.7929,43.7813],[146.7933,43.7815],[146.7932,43.7822],[146.7932,43.7833],[146.7937,43.7843],[146.7943,43.7846],[146.795,43.7846],[146.796,43.785],[146.7963,43.7853],[146.7968,43.7864],[146.7973,43.7865],[146.7981,43.7866],[146.7991,43.7865],[146.7998,43.7861],[146.7998,43.7857],[146.7992,43.7853],[146.7998,43.7851],[146.7999,43.7847],[146.7996,43.7842],[146.7997,43.7836],[146.8001,43.7832],[146.8001,43.7827],[146.8007,43.7823],[146.8007,43.7819],[146.8006,43.7817],[146.8002,43.7815],[146.8,43.7812],[146.8014,43.7803],[146.8015,43.78],[146.8021,43.7799],[146.8027,43.7803],[146.8037,43.7809],[146.8046,43.781],[146.8061,43.7807],[146.8068,43.7805],[146.8072,43.7805],[146.8073,43.7808],[146.8068,43.7816],[146.8067,43.7821],[146.807,43.7825],[146.8078,43.7831],[146.8087,43.7835],[146.8095,43.7838],[146.8097,43.7841],[146.809,43.7846],[146.809,43.7852],[146.8092,43.7858],[146.8093,43.7865],[146.8091,43.7867],[146.8084,43.7865],[146.8074,43.7869],[146.8072,43.7871],[146.8074,43.7877],[146.8071,43.7879],[146.8069,43.7885],[146.807,43.7888],[146.8075,43.7891],[146.8077,43.7893],[146.8083,43.7894],[146.8086,43.7896],[146.8088,43.7907],[146.8086,43.791],[146.8089,43.7914],[146.8093,43.7916],[146.81,43.7918],[146.8102,43.792],[146.8107,43.7921],[146.8115,43.7921],[146.8116,43.7919],[146.8115,43.7913],[146.8116,43.791],[146.8122,43.7911],[146.8128,43.7908],[146.8132,43.7903],[146.8133,43.7897],[146.8148,43.7895],[146.8165,43.7891],[146.817,43.7896],[146.8176,43.7897],[146.8187,43.7895],[146.8192,43.7895],[146.82,43.7899],[146.8208,43.7899],[146.8215,43.7904],[146.8218,43.7904],[146.8227,43.7903],[146.8232,43.7901],[146.824,43.7896],[146.8247,43.7891],[146.8251,43.7887],[146.8253,43.7881],[146.8254,43.7875],[146.8251,43.7871],[146.8244,43.7864],[146.8246,43.7861],[146.825,43.7865],[146.8256,43.7865],[146.8261,43.7862],[146.8261,43.7854],[146.8265,43.7853],[146.8273,43.7852],[146.8277,43.7851],[146.8287,43.7845],[146.8297,43.7843],[146.8299,43.7841],[146.8298,43.7836],[146.8301,43.7836],[146.8316,43.7847],[146.8322,43.7849],[146.8327,43.7848],[146.8334,43.7844],[146.8335,43.7841],[146.8332,43.7835],[146.8337,43.7832],[146.834,43.7827],[146.8345,43.7827],[146.8351,43.7828],[146.8349,43.7819],[146.8355,43.7818],[146.8366,43.782],[146.8367,43.7824],[146.8377,43.7828],[146.8382,43.7836],[146.838,43.784],[146.8382,43.7843],[146.8391,43.7844],[146.84,43.7846],[146.841,43.7852],[146.8417,43.7859],[146.842,43.7866],[146.8424,43.7868],[146.8422,43.7858],[146.8426,43.7857],[146.843,43.7862],[146.8431,43.7873],[146.8435,43.7887],[146.8438,43.7893],[146.8444,43.7894],[146.8439,43.7885],[146.8436,43.7877],[146.8435,43.7865],[146.8437,43.7864],[146.8447,43.7864],[146.8457,43.7868],[146.8475,43.7867],[146.8487,43.7868],[146.8495,43.7867],[146.8497,43.787],[146.8494,43.7873],[146.8495,43.7878],[146.8494,43.7881],[146.8486,43.7883],[146.848,43.7881],[146.8477,43.7883],[146.8475,43.7888],[146.8474,43.7897],[146.8472,43.7903],[146.8468,43.7907],[146.8462,43.7906],[146.846,43.7902],[146.8455,43.7899],[146.8443,43.7898],[146.8438,43.7899],[146.8433,43.7902],[146.8431,43.7904],[146.8433,43.7909],[146.8432,43.7912],[146.8423,43.7906],[146.8419,43.7906],[146.8412,43.7908],[146.8406,43.7912],[146.8403,43.7916],[146.84,43.7916],[146.8393,43.7909],[146.8384,43.7906],[146.8373,43.7909],[146.8359,43.7915],[146.8353,43.7916],[146.8348,43.7912],[146.8345,43.7912],[146.8339,43.7913],[146.8331,43.792],[146.8325,43.7927],[146.8324,43.7931],[146.8327,43.7938],[146.8332,43.7945],[146.8332,43.7954],[146.8336,43.7962],[146.8332,43.7965],[146.8325,43.7964],[146.8315,43.796],[146.831,43.7959],[146.8306,43.7954],[146.8293,43.795],[146.8289,43.7949],[146.8281,43.7952],[146.8271,43.796],[146.8266,43.7966],[146.8262,43.7973],[146.8259,43.7983],[146.8257,43.7994],[146.8258,43.8004],[146.8261,43.8011],[146.8269,43.8015],[146.8276,43.8021],[146.8282,43.8028],[146.8287,43.8029],[146.8293,43.8026],[146.8299,43.8031],[146.8303,43.8036],[146.8302,43.8043],[146.8308,43.8048],[146.8317,43.8053],[146.8329,43.805],[146.8331,43.8045],[146.8336,43.8045],[146.8347,43.8051],[146.8359,43.806],[146.8364,43.8066],[146.8368,43.8074],[146.8372,43.8079],[146.8378,43.8082],[146.8386,43.8086],[146.8395,43.8087],[146.8398,43.8086],[146.84,43.8083],[146.8402,43.8076],[146.8405,43.8074],[146.8408,43.8076],[146.8408,43.809],[146.8414,43.8094],[146.8424,43.8096],[146.8429,43.8096],[146.8438,43.8094],[146.8442,43.8092],[146.8449,43.8087],[146.8462,43.8082],[146.8464,43.8084],[146.8462,43.8087],[146.8463,43.8092],[146.8469,43.8101],[146.8468,43.8107],[146.8462,43.8111],[146.8461,43.8115],[146.8463,43.8118],[146.8468,43.8121],[146.8471,43.8121],[146.8478,43.8118],[146.849,43.8115],[146.8502,43.8111],[146.8504,43.8109],[146.8504,43.8104],[146.8501,43.8101],[146.8503,43.8095],[146.8501,43.8087],[146.8502,43.8082],[146.8507,43.8074],[146.8512,43.8074],[146.8519,43.8075],[146.8526,43.8079],[146.8534,43.808],[146.8537,43.8079],[146.8545,43.8075],[146.8556,43.8073],[146.8563,43.8064],[146.8568,43.8063],[146.8579,43.8066],[146.8594,43.8071],[146.8596,43.8069],[146.8593,43.8065],[146.8596,43.8062],[146.8603,43.8066],[146.8608,43.8066],[146.8617,43.8064],[146.8621,43.8066],[146.8624,43.8071],[146.8629,43.8075],[146.8627,43.8079],[146.8624,43.8081],[146.8612,43.8082],[146.8609,43.8085],[146.8617,43.8092],[146.8621,43.8089],[146.8639,43.8088],[146.8642,43.8092],[146.8638,43.8096],[146.8627,43.81],[146.8628,43.8105],[146.8632,43.8107],[146.8637,43.8106],[146.8637,43.8103],[146.8641,43.81],[146.8649,43.8098],[146.8654,43.8098],[146.8657,43.81],[146.8658,43.8107],[146.8663,43.811],[146.8669,43.8109],[146.868,43.8105],[146.8686,43.8106],[146.8691,43.811],[146.8702,43.811],[146.8704,43.8112],[146.8706,43.8118],[146.8709,43.8122],[146.8721,43.8126],[146.8739,43.8129],[146.8746,43.8136],[146.8754,43.8139],[146.8762,43.814],[146.8771,43.814],[146.878,43.8139],[146.879,43.8146],[146.8801,43.8143],[146.8812,43.8137],[146.8816,43.813],[146.8819,43.8128],[146.8825,43.8128],[146.8834,43.8129],[146.8837,43.8132],[146.8845,43.8132],[146.885,43.8129],[146.8849,43.8125],[146.8855,43.8126],[146.8863,43.8125],[146.8868,43.8123],[146.8874,43.8117],[146.888,43.8118],[146.8885,43.8117],[146.8888,43.8114],[146.8892,43.8114],[146.8897,43.8118],[146.8904,43.8119],[146.8915,43.8118],[146.8922,43.8114],[146.8924,43.811],[146.892,43.8105],[146.8917,43.81],[146.8917,43.8091],[146.892,43.8086],[146.8925,43.8083],[146.894,43.8079],[146.8952,43.8076],[146.8953,43.8075],[146.8955,43.8067],[146.8958,43.8066],[146.8961,43.8068],[146.8964,43.8071],[146.8969,43.8071],[146.8972,43.8069],[146.8971,43.8066],[146.8963,43.8064],[146.8965,43.8059],[146.8973,43.806],[146.8983,43.8058],[146.8986,43.8062],[146.8983,43.807],[146.8984,43.8074],[146.8989,43.8078],[146.8991,43.808],[146.8992,43.8088],[146.8989,43.8094],[146.8992,43.8099],[146.8999,43.8103],[146.9002,43.8108],[146.9004,43.8115],[146.9007,43.812],[146.9012,43.8124],[146.9016,43.8124],[146.9023,43.8121],[146.9035,43.8115],[146.9037,43.811],[146.904,43.8108],[146.9045,43.8108],[146.9058,43.8113],[146.9058,43.8118],[146.9053,43.8124],[146.9051,43.813],[146.9052,43.8137],[146.9054,43.8141],[146.9062,43.8146],[146.9062,43.8149],[146.9051,43.8157],[146.905,43.8161],[146.9053,43.8165],[146.9051,43.8175],[146.9052,43.8181],[146.9058,43.8188],[146.9056,43.819],[146.9045,43.8192],[146.9036,43.8191],[146.9027,43.8192],[146.9022,43.8197],[146.9023,43.8204],[146.9025,43.8206],[146.9031,43.8209],[146.9038,43.8212],[146.9039,43.8216],[146.9037,43.822],[146.9037,43.8224],[146.9039,43.8231],[146.9043,43.8235],[146.9052,43.8238],[146.9055,43.8239],[146.9052,43.8242],[146.9048,43.8244],[146.9041,43.8244],[146.9036,43.825],[146.9028,43.8251],[146.9022,43.8252],[146.9014,43.8258],[146.9011,43.8264],[146.9011,43.827],[146.9018,43.8276],[146.9026,43.8273],[146.9032,43.8277],[146.9026,43.8284],[146.9033,43.8287],[146.9023,43.8293],[146.9023,43.8295],[146.9026,43.83],[146.9031,43.8303],[146.9042,43.8307],[146.9056,43.831],[146.9061,43.8308],[146.9067,43.8304],[146.9074,43.8303],[146.9087,43.8309],[146.9093,43.8309],[146.9098,43.8305],[146.9101,43.831],[146.9107,43.8311],[146.9113,43.8311],[146.9124,43.8308],[146.913,43.8308],[146.9142,43.831],[146.9146,43.8311],[146.9145,43.8314],[146.9141,43.8315],[146.9139,43.8318],[146.9147,43.8318],[146.9152,43.832],[146.9162,43.8326],[146.9164,43.8332],[146.9171,43.8336],[146.917,43.834],[146.9162,43.834],[146.916,43.8343],[146.9166,43.8345],[146.9165,43.8348],[146.9159,43.8347],[146.9159,43.8349],[146.9166,43.8353],[146.9172,43.8355],[146.9182,43.8354],[146.9194,43.8358],[146.9197,43.8361],[146.9198,43.8374],[146.9196,43.8375],[146.9188,43.8376],[146.9178,43.8375],[146.9174,43.8376],[146.9176,43.838],[146.9183,43.8384],[146.9183,43.8387],[146.9179,43.8388],[146.9168,43.8384],[146.9166,43.8389],[146.9161,43.8391],[146.915,43.8387],[146.9144,43.8389],[146.914,43.8392],[146.914,43.8396],[146.9138,43.8399],[146.9129,43.8402],[146.9122,43.8401],[146.9115,43.8403],[146.9111,43.8406],[146.9113,43.8412],[146.9112,43.8417],[146.9093,43.8424],[146.9092,43.8425],[146.9094,43.843],[146.91,43.8432],[146.9101,43.8438],[146.9103,43.8443],[146.9106,43.8445],[146.9112,43.8445],[146.9116,43.8448],[146.9128,43.845],[146.9134,43.8455],[146.9142,43.8461],[146.9147,43.8468],[146.9147,43.8473],[146.9143,43.8475],[146.9139,43.8476],[146.9131,43.847],[146.9127,43.8473],[146.9117,43.8471],[146.9111,43.8469],[146.9108,43.8467],[146.9105,43.8458],[146.91,43.8455],[146.9095,43.8449],[146.9089,43.8447],[146.9087,43.8445],[146.9089,43.8441],[146.9088,43.8438],[146.9081,43.8438],[146.9074,43.8434],[146.9068,43.8432],[146.9058,43.8433],[146.9038,43.8439],[146.9028,43.8442],[146.9022,43.8441],[146.9007,43.8441],[146.9002,43.8444],[146.8997,43.845],[146.8988,43.8454],[146.8983,43.8457],[146.8973,43.8459],[146.8968,43.8462],[146.8957,43.8465],[146.8952,43.8467],[146.8951,43.8472],[146.8946,43.8475],[146.894,43.8477],[146.8936,43.8476],[146.893,43.8473],[146.8924,43.8475],[146.8924,43.8482],[146.8913,43.8489],[146.8907,43.8494],[146.8903,43.8498],[146.8893,43.85],[146.8888,43.8503],[146.8885,43.851],[146.8876,43.8516],[146.8873,43.852],[146.8867,43.8536],[146.8869,43.8541],[146.8863,43.8543],[146.885,43.8543],[146.8843,43.8544],[146.8831,43.8547],[146.8824,43.855],[146.882,43.8553],[146.8815,43.8559],[146.8812,43.8568],[146.8812,43.8578],[146.8813,43.8586],[146.8807,43.8591],[146.8799,43.8593],[146.8795,43.8596],[146.8791,43.8601],[146.879,43.8609],[146.8788,43.8613],[146.8781,43.8617],[146.8777,43.862],[146.8776,43.8623],[146.8768,43.8631],[146.8764,43.8634],[146.8757,43.8637],[146.8749,43.8639],[146.8743,43.8642],[146.874,43.8646],[146.8738,43.865],[146.8738,43.8655],[146.874,43.867],[146.874,43.8679],[146.8742,43.8688],[146.8742,43.8691],[146.8738,43.8694],[146.8733,43.8694],[146.8716,43.8689],[146.8705,43.8687],[146.8698,43.8688],[146.8693,43.869],[146.8687,43.8695],[146.8681,43.8696],[146.8669,43.8695],[146.8661,43.8696],[146.8654,43.8701],[146.8649,43.8708],[146.8645,43.8715],[146.8645,43.8727],[146.8643,43.8735],[146.8637,43.8748],[146.863,43.875],[146.8623,43.8754],[146.8605,43.8755],[146.8599,43.8753],[146.8593,43.8753],[146.8582,43.8754],[146.8574,43.8755],[146.856,43.8759],[146.8546,43.8761],[146.8532,43.8765],[146.8507,43.8766],[146.8496,43.8769],[146.8489,43.8774],[146.8486,43.8777],[146.8484,43.8787],[146.8486,43.8791],[146.8493,43.8796],[146.8498,43.8802],[146.8505,43.8803],[146.8509,43.8806],[146.852,43.8826],[146.852,43.8831],[146.8511,43.8833],[146.85,43.8838],[146.849,43.8843],[146.848,43.8845],[146.8474,43.8846],[146.846,43.8846],[146.8449,43.8848],[146.8445,43.8852],[146.8445,43.8859],[146.8454,43.8869],[146.8456,43.8873],[146.8455,43.8877],[146.8449,43.8878],[146.8437,43.8884],[146.8435,43.8888],[146.843,43.889],[146.8421,43.8886],[146.8414,43.8886],[146.8407,43.8889],[146.8401,43.8889],[146.8387,43.8883],[146.8376,43.8875],[146.8373,43.8875],[146.8353,43.8878],[146.8342,43.8872],[146.8333,43.8869],[146.8325,43.8869],[146.8317,43.887],[146.83,43.8877],[146.8281,43.8883],[146.8268,43.8885],[146.8258,43.8886],[146.8255,43.8888],[146.8255,43.8895],[146.8251,43.8903],[146.8242,43.8903],[146.8236,43.8898],[146.8232,43.8893],[146.8226,43.8889],[146.8217,43.8886],[146.8209,43.8882],[146.8203,43.8878],[146.8196,43.8869],[146.8192,43.8866],[146.8184,43.8861],[146.8183,43.8858],[146.8184,43.8853],[146.8191,43.8847],[146.8196,43.8839],[146.82,43.8823],[146.8205,43.8821],[146.8211,43.8815],[146.821,43.881],[146.8207,43.8806],[146.82,43.8802],[146.8198,43.8794],[146.8199,43.8789],[146.8202,43.8785],[146.8201,43.8781],[146.8194,43.877],[146.8192,43.876],[146.82,43.8752],[146.821,43.8749],[146.8214,43.8746],[146.822,43.8745],[146.8222,43.8746],[146.8228,43.8743],[146.8236,43.874],[146.8242,43.874],[146.825,43.8735],[146.8256,43.8734],[146.8258,43.8736],[146.8264,43.8735],[146.8266,43.8736],[146.8271,43.8733],[146.8275,43.8727],[146.8275,43.8719],[146.8272,43.8711],[146.8272,43.8707],[146.8269,43.8699],[146.8259,43.8686],[146.8253,43.868],[146.8236,43.8671],[146.8224,43.8667],[146.8214,43.8664],[146.8197,43.8661],[146.8182,43.8662],[146.817,43.8662],[146.8158,43.8667],[146.8149,43.8668],[146.8141,43.8672],[146.8135,43.8677],[146.8134,43.868],[146.8133,43.8687],[146.8135,43.8701],[146.8142,43.8705],[146.8156,43.8723],[146.8159,43.873],[146.8162,43.8734],[146.8162,43.8737],[146.8159,43.8745],[146.8153,43.8752],[146.8151,43.8759],[146.8147,43.8764],[146.8145,43.8769],[146.8137,43.8776],[146.8125,43.8778],[146.8112,43.8773],[146.8105,43.8766],[146.8096,43.8764],[146.8093,43.8761],[146.8092,43.8757],[146.8096,43.8754],[146.8101,43.8752],[146.8105,43.8749],[146.8105,43.8744],[146.8103,43.8738],[146.8102,43.8732],[146.81,43.8727],[146.8095,43.872],[146.8092,43.8715],[146.8086,43.871],[146.8082,43.8708],[146.8072,43.8706],[146.8063,43.8705],[146.8053,43.8705],[146.8044,43.8707],[146.8037,43.8712],[146.8032,43.8719],[146.803,43.873],[146.8026,43.874],[146.8022,43.8745],[146.8006,43.875],[146.7992,43.8754],[146.7987,43.8758],[146.7975,43.8762],[146.7972,43.8765],[146.797,43.8771],[146.7959,43.8779],[146.7957,43.8782],[146.7951,43.8786],[146.7945,43.8793],[146.793,43.8799],[146.7927,43.8798],[146.7912,43.879],[146.7908,43.8788],[146.7898,43.879],[146.789,43.8787],[146.7879,43.878],[146.7877,43.8776],[146.7878,43.8774],[146.7886,43.8758],[146.7888,43.8756],[146.7895,43.8752],[146.7897,43.8749],[146.7897,43.8743],[146.7894,43.8738],[146.7895,43.8736],[146.7905,43.8736],[146.7909,43.8734],[146.7919,43.872],[146.792,43.8717],[146.7919,43.8707],[146.7919,43.8703],[146.7922,43.8699],[146.7933,43.8691],[146.7934,43.8687],[146.7932,43.8682],[146.7924,43.8674],[146.7925,43.8671],[146.7933,43.8669],[146.7936,43.8666],[146.794,43.865],[146.7942,43.8649],[146.7954,43.8646],[146.7958,43.8646],[146.7971,43.8649],[146.7979,43.8648],[146.7987,43.8649],[146.7997,43.8647],[146.8004,43.8642],[146.8011,43.8637],[146.8021,43.863],[146.8026,43.8624],[146.8029,43.862],[146.803,43.8605],[146.8027,43.86],[146.8021,43.8596],[146.8,43.8591],[146.7994,43.86],[146.799,43.8603],[146.7978,43.8606],[146.7969,43.8605],[146.7967,43.8603],[146.7973,43.8598],[146.7976,43.8594],[146.7974,43.859],[146.797,43.8586],[146.7965,43.8585],[146.7963,43.8586],[146.7962,43.86],[146.7957,43.8607],[146.7958,43.8612],[146.7961,43.8618],[146.7962,43.8623],[146.7952,43.8628],[146.7946,43.863],[146.7941,43.8633],[146.7933,43.8632],[146.7927,43.8634],[146.7923,43.8638],[146.7918,43.8641],[146.7915,43.8647],[146.7909,43.8653],[146.7906,43.8659],[146.7904,43.8668],[146.7892,43.8684],[146.7887,43.8696],[146.7879,43.87],[146.7876,43.8703],[146.7876,43.8706],[146.788,43.8709],[146.7881,43.8714],[146.7876,43.8724],[146.7867,43.8724],[146.7854,43.8728],[146.7842,43.8733],[146.7833,43.8732],[146.7817,43.8734],[146.7807,43.8734],[146.7795,43.8736],[146.7788,43.8741],[146.7776,43.8743],[146.7773,43.8745],[146.777,43.8751],[146.776,43.8765],[146.7757,43.8766],[146.7745,43.8763],[146.7735,43.876],[146.7721,43.8754],[146.7709,43.8745],[146.7709,43.8738],[146.7704,43.8734],[146.7698,43.8734],[146.7694,43.8733],[146.7687,43.8728],[146.7682,43.8723],[146.7678,43.8716],[146.7677,43.8711],[146.7677,43.8702],[146.7676,43.8696],[146.7673,43.8692],[146.7665,43.8688],[146.7652,43.8682],[146.7645,43.8678],[146.7637,43.8669],[146.7626,43.8663],[146.7571,43.8642],[146.7551,43.8633],[146.7541,43.8627],[146.7512,43.8603],[146.7507,43.8597],[146.7504,43.8592],[146.7498,43.8582],[146.7491,43.8577],[146.7482,43.8574],[146.747,43.8574],[146.7461,43.8572],[146.7453,43.8571],[146.7442,43.8565],[146.7433,43.8561],[146.7422,43.856],[146.7412,43.8557],[146.7408,43.8555],[146.7403,43.8551],[146.7401,43.8543],[146.7402,43.8537],[146.7402,43.8535],[146.7399,43.8533],[146.7394,43.8532],[146.7384,43.8535],[146.738,43.8534],[146.738,43.8531],[146.7376,43.8526],[146.7359,43.8516],[146.7343,43.851],[146.733,43.8509],[146.7325,43.8506],[146.732,43.8501],[146.7313,43.8497],[146.7293,43.8489],[146.7298,43.8482],[146.7295,43.8481],[146.728,43.8479],[146.7266,43.8472],[146.7258,43.8472],[146.7254,43.8471],[146.7242,43.8464],[146.7229,43.8459],[146.7219,43.846],[146.7216,43.8459],[146.7216,43.8456],[146.722,43.8454],[146.7218,43.8451],[146.7207,43.8449],[146.72,43.8442],[146.7198,43.8437],[146.7202,43.8432],[146.721,43.8432],[146.722,43.8429],[146.7223,43.8426],[146.7227,43.8418],[146.7228,43.8413],[146.7225,43.8401],[146.7225,43.8388],[146.7226,43.8381],[146.7224,43.8375],[146.7219,43.8372],[146.7212,43.837],[146.721,43.8368],[146.7213,43.8362],[146.7218,43.836],[146.7233,43.836],[146.724,43.8364],[146.7245,43.8365],[146.7258,43.8361],[146.7275,43.8358],[146.728,43.8356],[146.729,43.8346],[146.7298,43.8341],[146.7301,43.8337],[146.7309,43.8333],[146.7315,43.8333],[146.7319,43.8336],[146.7325,43.8335],[146.733,43.8332],[146.7334,43.8332],[146.7339,43.8336],[146.7346,43.8338],[146.7358,43.8337],[146.7367,43.8339],[146.7371,43.8339],[146.7378,43.8335],[146.7385,43.8333],[146.7392,43.8332],[146.7402,43.8327],[146.743,43.8315],[146.7441,43.8313],[146.7448,43.8307],[146.7457,43.83],[146.7463,43.8298],[146.7465,43.8295],[146.7469,43.8287],[146.7471,43.8286],[146.7482,43.8284],[146.7486,43.828],[146.7486,43.8274],[146.7482,43.8271],[146.7483,43.8269],[146.748,43.826],[146.7477,43.8256],[146.7478,43.8252],[146.7478,43.8247],[146.7485,43.8246],[146.7488,43.8244],[146.7492,43.8236],[146.7489,43.8232],[146.7487,43.8224],[146.7486,43.8215],[146.749,43.8209],[146.7489,43.8204],[146.7486,43.82],[146.748,43.8196],[146.748,43.819],[146.7484,43.8186],[146.7486,43.8181],[146.7481,43.8174],[146.7482,43.8171],[146.7493,43.8167],[146.7495,43.8163],[146.7493,43.8159],[146.749,43.8158],[146.7485,43.8158],[146.7483,43.8155],[146.7488,43.8153],[146.7485,43.8149],[146.748,43.8156],[146.748,43.8159],[146.7483,43.8163],[146.748,43.8168],[146.747,43.8175],[146.7466,43.8178],[146.7465,43.8182],[146.7468,43.8188],[146.7468,43.8192],[146.7466,43.8201],[146.7464,43.8204],[146.7456,43.8212],[146.7439,43.822],[146.7436,43.8223],[146.7432,43.8232],[146.7427,43.8251],[146.7426,43.8253],[146.741,43.8256],[146.7402,43.8261],[146.7396,43.8267],[146.7393,43.8269],[146.7382,43.8272],[146.7361,43.8282],[146.7352,43.8285],[146.7336,43.8289],[146.7314,43.829],[146.73,43.8288],[146.7295,43.8289],[146.7293,43.8291],[146.7293,43.8296],[146.7282,43.83],[146.7277,43.8307],[146.7273,43.8309],[146.7266,43.8316],[146.726,43.8318],[146.7255,43.8312],[146.7248,43.8311],[146.7245,43.8312],[146.7243,43.832],[146.7235,43.832],[146.7233,43.8322],[146.7226,43.8323],[146.7223,43.8321],[146.7209,43.8323],[146.7205,43.8316],[146.7202,43.8316],[146.7183,43.8321],[146.7181,43.8317],[146.7175,43.8316],[146.7168,43.8317],[146.7158,43.8316],[146.7151,43.8313],[146.7146,43.8311],[146.7125,43.8315],[146.7115,43.8313],[146.7099,43.8307],[146.7092,43.8302],[146.7091,43.8298],[146.7099,43.829],[146.7104,43.8286],[146.7113,43.8281],[146.7115,43.8276],[146.7113,43.8272],[146.711,43.8268],[146.7102,43.8264],[146.7101,43.8262],[146.7105,43.8259],[146.7105,43.8252],[146.7113,43.8251],[146.7117,43.8247],[146.7112,43.8241],[146.7107,43.8237],[146.7099,43.8233],[146.7093,43.8232],[146.7083,43.8231],[146.7072,43.8232],[146.7069,43.8235],[146.7064,43.8253],[146.7057,43.8257],[146.7057,43.826],[146.706,43.8266],[146.7059,43.827],[146.7052,43.8278],[146.7047,43.8283],[146.7033,43.829],[146.7026,43.8298],[146.7018,43.8301],[146.7011,43.8301],[146.6995,43.8305],[146.6989,43.8305],[146.6979,43.8303],[146.6967,43.8301],[146.6938,43.8293],[146.69,43.8283],[146.6891,43.8285],[146.6873,43.8284],[146.6866,43.8284],[146.6857,43.8281],[146.6845,43.8288],[146.6838,43.8287],[146.6826,43.8291],[146.6824,43.8289],[146.6826,43.8287],[146.6828,43.828],[146.6836,43.8271],[146.6836,43.8269],[146.6834,43.8266],[146.6823,43.8265],[146.6821,43.8263],[146.682,43.8259],[146.6817,43.8257],[146.6812,43.8257],[146.6809,43.8258],[146.6802,43.8259],[146.6798,43.8261],[146.6798,43.8266],[146.6795,43.8267],[146.6785,43.827],[146.6777,43.8269],[146.6747,43.8277],[146.6742,43.8277],[146.6734,43.828],[146.6727,43.8279],[146.6725,43.8274],[146.6717,43.8273],[146.6708,43.8277],[146.6701,43.8275],[146.6685,43.8275],[146.6681,43.8274],[146.6676,43.8269],[146.6668,43.827],[146.6661,43.8273],[146.6655,43.8271],[146.6645,43.8273],[146.6648,43.8279],[146.6646,43.8282],[146.6642,43.8282],[146.6623,43.8284],[146.6617,43.8283],[146.6615,43.8281],[146.6613,43.8274],[146.661,43.8272],[146.6598,43.8267],[146.659,43.8259],[146.6574,43.8256],[146.6553,43.825],[146.6546,43.8245],[146.654,43.8245],[146.6539,43.8249],[146.6532,43.8252],[146.6527,43.8251],[146.6521,43.8242],[146.6516,43.8239],[146.6506,43.8237],[146.6498,43.8231],[146.6494,43.8231],[146.6485,43.8233],[146.648,43.8232],[146.6475,43.8229],[146.6471,43.8229],[146.6462,43.8231],[146.6455,43.823],[146.6452,43.8235],[146.645,43.8236],[146.6445,43.8234],[146.6444,43.823],[146.6448,43.8226],[146.6448,43.8221],[146.6443,43.8218],[146.6439,43.8217],[146.6433,43.8219],[146.6435,43.8225],[146.6429,43.8229],[146.6418,43.8234],[146.6407,43.8237],[146.6401,43.8238],[146.6399,43.8237],[146.6401,43.823],[146.6408,43.8223],[146.6409,43.8219],[146.6406,43.8217],[146.6402,43.8205],[146.6393,43.82],[146.6388,43.82],[146.6382,43.8204],[146.6372,43.8204],[146.6363,43.8202],[146.6351,43.8198],[146.6338,43.8195],[146.6333,43.8194],[146.6327,43.8189],[146.6321,43.8187],[146.6316,43.8186],[146.6312,43.8188],[146.6313,43.8195],[146.6311,43.8196],[146.6304,43.8195],[146.6298,43.8195],[146.6289,43.8188],[146.6275,43.8186],[146.6267,43.818],[146.6262,43.8173],[146.6254,43.8173],[146.6252,43.8175],[146.6252,43.8181],[146.6253,43.8187],[146.6251,43.819],[146.6244,43.8195],[146.6239,43.8195],[146.6224,43.8196],[146.6212,43.8198],[146.6209,43.8197],[146.6203,43.8192],[146.6198,43.8194],[146.6189,43.8201],[146.618,43.8203],[146.617,43.8207],[146.6166,43.8203],[146.6162,43.8202],[146.6155,43.8204],[146.6149,43.8203],[146.6144,43.8204],[146.614,43.8212],[146.6132,43.8213],[146.6127,43.8206],[146.6124,43.8203],[146.611,43.8204],[146.6099,43.8203],[146.6096,43.8201],[146.6091,43.8192],[146.6086,43.8189],[146.6076,43.8188],[146.6071,43.8187],[146.6064,43.8181],[146.606,43.8176],[146.6052,43.8166],[146.6045,43.8154],[146.6042,43.8152],[146.6032,43.8152],[146.6024,43.8149],[146.6019,43.8144],[146.6014,43.8142],[146.6009,43.8134],[146.5992,43.8123],[146.5989,43.8121],[146.599,43.8114],[146.5979,43.8111],[146.5981,43.8106],[146.5979,43.8104],[146.5972,43.81],[146.5968,43.8091],[146.5964,43.809],[146.5955,43.8091],[146.5947,43.8095],[146.5939,43.8092],[146.5931,43.809],[146.5929,43.8085],[146.5931,43.808],[146.593,43.8077],[146.5923,43.8075],[146.592,43.8077],[146.5913,43.8077],[146.591,43.8081],[146.5905,43.8082],[146.5898,43.808],[146.5893,43.8082],[146.5885,43.8085],[146.5882,43.8084],[146.5879,43.8079],[146.5877,43.8077],[146.5861,43.8071],[146.5859,43.8069],[146.5857,43.8065],[146.5858,43.8057],[146.5856,43.8039],[146.5851,43.803],[146.585,43.8027],[146.5854,43.802],[146.5853,43.8011],[146.5859,43.8001],[146.586,43.799],[146.5869,43.7987],[146.5872,43.7984],[146.5873,43.7979],[146.5874,43.7975],[146.5882,43.7966],[146.5883,43.7962],[146.5882,43.7953],[146.5888,43.7948],[146.5892,43.7942],[146.5893,43.7933],[146.5897,43.7927],[146.59,43.7925],[146.5907,43.7923],[146.5908,43.792],[146.5906,43.7912],[146.5906,43.7905],[146.5908,43.7898],[146.5913,43.7896],[146.5914,43.7882],[146.5915,43.7875],[146.5919,43.7875],[146.5921,43.7881],[146.5926,43.7881],[146.5937,43.788],[146.594,43.7881],[146.5943,43.788],[146.5949,43.7876],[146.595,43.7873],[146.5949,43.7868],[146.5947,43.7864],[146.5944,43.7858],[146.5945,43.7842],[146.5946,43.7838],[146.5949,43.7837],[146.5958,43.7837],[146.5964,43.7835],[146.5961,43.7829],[146.5963,43.7824],[146.5962,43.7819],[146.5969,43.7813],[146.5973,43.7812],[146.598,43.7814],[146.5988,43.7816],[146.5997,43.7818],[146.6,43.7817],[146.6007,43.7814],[146.601,43.7811],[146.6012,43.7805],[146.6022,43.7797],[146.6028,43.7791],[146.6047,43.7787],[146.6052,43.7788],[146.606,43.7786],[146.6066,43.7779],[146.6071,43.777],[146.6073,43.776],[146.6073,43.7748],[146.6074,43.7745],[146.6073,43.7742],[146.6067,43.7726],[146.6062,43.7722],[146.6051,43.7721],[146.6039,43.7718],[146.6037,43.7715],[146.6044,43.7706],[146.6045,43.77],[146.6043,43.7695],[146.6039,43.7695],[146.6034,43.7693],[146.6034,43.769],[146.6039,43.7689],[146.6046,43.769],[146.6048,43.7693],[146.6054,43.7695],[146.6056,43.7698],[146.6064,43.7698],[146.6067,43.7695],[146.6073,43.7687],[146.6076,43.7679],[146.6075,43.7669],[146.6072,43.7663],[146.6056,43.7641],[146.6052,43.7638],[146.6045,43.7635],[146.604,43.7636],[146.6029,43.763],[146.6025,43.7629],[146.6008,43.7634],[146.6,43.7638],[146.5985,43.7649],[146.5981,43.7652],[146.5979,43.7648],[146.5975,43.7645],[146.598,43.7642],[146.5994,43.7633],[146.5993,43.7629],[146.599,43.7621],[146.5984,43.7615],[146.5979,43.7614],[146.5969,43.7614],[146.5949,43.7607],[146.5946,43.7603],[146.5946,43.7599],[146.5952,43.759],[146.5953,43.7587],[146.5951,43.7584],[146.5947,43.7585],[146.5946,43.7582],[146.5947,43.7576],[146.5942,43.7576],[146.5939,43.758],[146.5934,43.7579],[146.5928,43.7586],[146.5921,43.7586],[146.5916,43.7581],[146.5912,43.7575],[146.5906,43.7572],[146.5904,43.7567],[146.5911,43.7561],[146.5917,43.7559],[146.5919,43.7554],[146.5916,43.7552],[146.591,43.7551],[146.5903,43.7546],[146.5892,43.7539],[146.588,43.7537],[146.5879,43.7534],[146.5886,43.7533],[146.5894,43.7533],[146.5895,43.7532],[146.5892,43.7526],[146.5881,43.7522],[146.5881,43.752],[146.589,43.7517],[146.5891,43.7515],[146.5888,43.7511],[146.5888,43.7507],[146.5892,43.7504],[146.5893,43.7496],[146.5893,43.7489],[146.5889,43.7488],[146.5883,43.7489],[146.5872,43.7488],[146.5867,43.7482],[146.5858,43.748],[146.5856,43.7473],[146.5863,43.7468],[146.5861,43.7458],[146.5857,43.7447],[146.5856,43.7443],[146.5858,43.7441],[146.5863,43.7439],[146.5884,43.7436],[146.5886,43.7437],[146.5889,43.7446],[146.5891,43.7448],[146.5899,43.745],[146.591,43.7449],[146.5921,43.7454],[146.5927,43.7454],[146.5938,43.7451],[146.5943,43.7453],[146.5943,43.746],[146.5946,43.7461],[146.5953,43.746],[146.5958,43.7464],[146.5964,43.7463],[146.5971,43.746],[146.5978,43.7453],[146.5979,43.7449],[146.5979,43.7442],[146.5975,43.7436],[146.5968,43.7432],[146.5961,43.7427],[146.5956,43.7426],[146.5952,43.7424],[146.5951,43.7422],[146.5955,43.7417],[146.5953,43.7412],[146.5944,43.7409],[146.5939,43.7409],[146.5935,43.7406],[146.5935,43.7404],[146.5936,43.7398],[146.5932,43.7396],[146.5923,43.7393],[146.592,43.739],[146.5921,43.7387],[146.5925,43.7383],[146.5928,43.7379],[146.5932,43.7376],[146.594,43.7374],[146.595,43.7371],[146.5955,43.7372],[146.596,43.7376],[146.5971,43.738],[146.5972,43.7387],[146.5975,43.7389],[146.5982,43.739],[146.5986,43.7392],[146.599,43.7392],[146.5996,43.739],[146.5999,43.7386],[146.5998,43.7384],[146.599,43.7379],[146.5988,43.7374],[146.5994,43.7371],[146.6001,43.7372],[146.6006,43.7376],[146.6013,43.7375],[146.6016,43.7377],[146.6013,43.7381],[146.6014,43.7385],[146.6019,43.7384],[146.6024,43.7389],[146.6029,43.739],[146.6033,43.7389],[146.6034,43.7384],[146.603,43.7378],[146.6036,43.7377],[146.6043,43.738],[146.6046,43.7386],[146.6046,43.7395],[146.6052,43.7398],[146.6058,43.7397],[146.6063,43.7395],[146.6066,43.739],[146.6065,43.7385],[146.6068,43.7381],[146.6065,43.7376],[146.6059,43.7375],[146.6049,43.7372],[146.6047,43.7368],[146.6046,43.7361],[146.6048,43.7358],[146.6058,43.7354],[146.6062,43.7355],[146.6068,43.7359],[146.6082,43.736],[146.6081,43.7356],[146.6082,43.7352],[146.6093,43.7355],[146.6096,43.7358],[146.6105,43.737],[146.6109,43.7376],[146.611,43.7381],[146.6109,43.7385],[146.6104,43.7391],[146.6106,43.7395],[146.6109,43.7397],[146.6116,43.7404],[146.6119,43.7408],[146.6123,43.7411],[146.6135,43.7413],[146.6138,43.7415],[146.6142,43.742],[146.6143,43.7425],[146.6141,43.743],[146.6143,43.7435],[146.6141,43.7441],[146.6139,43.7444],[146.6129,43.7454],[146.6123,43.7456],[146.6121,43.7458],[146.6123,43.7471],[146.6121,43.7473],[146.6114,43.7473],[146.6111,43.7471],[146.6106,43.7471],[146.6103,43.7465],[146.6098,43.7463],[146.6092,43.7464],[146.6091,43.7472],[146.6085,43.7468],[146.6078,43.7469],[146.6072,43.7475],[146.6069,43.7479],[146.6069,43.7493],[146.6071,43.75],[146.6076,43.7504],[146.6075,43.7508],[146.607,43.7511],[146.6069,43.7515],[146.607,43.7522],[146.6075,43.7532],[146.6085,43.7541],[146.6094,43.7546],[146.6098,43.755],[146.6111,43.7565],[146.6121,43.7571],[146.6127,43.7573],[146.6142,43.7576],[146.6161,43.7577],[146.6178,43.7576],[146.6186,43.7575],[146.6192,43.7577],[146.6203,43.7576],[146.621,43.7574],[146.6221,43.7568],[146.6237,43.7565],[146.6251,43.756],[146.6254,43.755],[146.6251,43.7543],[146.6246,43.754],[146.6235,43.7533],[146.6203,43.7508],[146.6193,43.7502],[146.619,43.7499],[146.6188,43.7493],[146.6193,43.7487],[146.6205,43.7478],[146.6214,43.7469],[146.622,43.7457],[146.6221,43.7448],[146.6219,43.7445],[146.621,43.744],[146.6194,43.7435],[146.6189,43.7433],[146.6193,43.7427],[146.6193,43.7425],[146.6189,43.742],[146.619,43.7416],[146.6187,43.7408],[146.6189,43.7405],[146.6196,43.7404],[146.6202,43.7401],[146.6207,43.7396],[146.6209,43.7391],[146.6205,43.7385],[146.6207,43.7382],[146.6206,43.7379],[146.6203,43.7376],[146.6197,43.7371],[146.6195,43.7367],[146.6191,43.7364],[146.6193,43.7362],[146.6203,43.7361],[146.6208,43.7361],[146.6214,43.7365],[146.6224,43.7363],[146.6226,43.7361],[146.6224,43.7357],[146.6221,43.7355],[146.6221,43.7352],[146.6225,43.7352],[146.6227,43.7349],[146.6226,43.7347],[146.6219,43.7346],[146.6214,43.7344],[146.6205,43.7342],[146.6203,43.7339],[146.6218,43.7336],[146.6223,43.7332],[146.6228,43.733],[146.6229,43.7328],[146.6224,43.7325],[146.6224,43.7321],[146.6228,43.7318],[146.6219,43.7316],[146.6218,43.7313],[146.6225,43.7312],[146.6227,43.7308],[146.6234,43.731],[146.6234,43.7308],[146.6229,43.7303],[146.6232,43.7301],[146.624,43.7303],[146.6244,43.7301],[146.6246,43.7296],[146.6244,43.7289],[146.6246,43.7285],[146.6252,43.7283],[146.626,43.7283],[146.6268,43.729],[146.6276,43.7289],[146.6283,43.7283],[146.629,43.7282],[146.6295,43.728],[146.6297,43.7273],[146.6292,43.7268],[146.6286,43.7267],[146.6283,43.7264],[146.6282,43.7257],[146.6284,43.7249],[146.6287,43.7244],[146.6295,43.7237],[146.6297,43.723],[146.6292,43.722],[146.6291,43.7217],[146.6295,43.7214],[146.6307,43.7216],[146.6308,43.7214],[146.6307,43.7212],[146.6301,43.7209],[146.6303,43.7207],[146.6312,43.7207],[146.6325,43.7211],[146.6332,43.7209],[146.6339,43.7205],[146.634,43.7202],[146.6334,43.7193],[146.6337,43.7182],[146.6341,43.7181],[146.6345,43.7182],[146.6349,43.7186],[146.6352,43.7193],[146.6355,43.7195],[146.6369,43.7193],[146.6375,43.7187],[146.6379,43.7189],[146.6383,43.72],[146.6385,43.7203],[146.639,43.7205],[146.64,43.7205],[146.6405,43.7202],[146.6411,43.7204],[146.6416,43.7201],[146.6412,43.7195],[146.641,43.7188],[146.6408,43.7176],[146.6404,43.7174],[146.6399,43.7173],[146.6393,43.7173],[146.638,43.7173],[146.6377,43.7169],[146.6386,43.7161],[146.6391,43.7161],[146.6394,43.7163],[146.6395,43.7167],[146.6409,43.7167],[146.6409,43.7162],[146.6416,43.7161],[146.6417,43.7157],[146.6408,43.7156],[146.6413,43.7153],[146.6418,43.7155],[146.6436,43.7155],[146.6441,43.7153],[146.6445,43.7147],[146.6453,43.7142],[146.6461,43.7139],[146.6464,43.7142],[146.6461,43.7152],[146.6467,43.7157],[146.6475,43.7158],[146.6482,43.7157],[146.6489,43.7155],[146.6499,43.715],[146.6501,43.7146],[146.6505,43.7142],[146.6507,43.7139],[146.6507,43.7135],[146.6504,43.7127],[146.6493,43.7119],[146.649,43.7109],[146.6486,43.7106],[146.6472,43.7104],[146.6467,43.7101],[146.6457,43.7105],[146.6453,43.7102],[146.6454,43.7098],[146.6452,43.7095],[146.6443,43.7094],[146.6436,43.7095],[146.6434,43.7093],[146.6434,43.7089],[146.6429,43.7086],[146.6423,43.7088],[146.6411,43.7088],[146.64,43.7085],[146.6398,43.7082],[146.6405,43.708],[146.6406,43.7078],[146.6402,43.7071],[146.6397,43.7067],[146.6397,43.7063],[146.6403,43.7061],[146.6404,43.7054],[146.6406,43.7051],[146.6407,43.7047],[146.6404,43.7043],[146.6399,43.7041],[146.6399,43.7035],[146.6409,43.7034],[146.6413,43.703],[146.6421,43.7028],[146.6423,43.7024],[146.642,43.7017],[146.6428,43.7014],[146.6439,43.7012],[146.6444,43.7014],[146.6443,43.7018],[146.6439,43.7023],[146.6439,43.7025],[146.6442,43.7027],[146.6445,43.7027],[146.6449,43.7023],[146.6449,43.7018],[146.6452,43.7016],[146.6456,43.7018],[146.6457,43.7023],[146.6464,43.7022],[146.6471,43.7025],[146.6482,43.7025],[146.6487,43.7027],[146.6491,43.7026],[146.6498,43.7023],[146.6502,43.7024],[146.6508,43.7026],[146.651,43.703],[146.6509,43.7035],[146.6511,43.7039],[146.6516,43.7039],[146.6519,43.7038],[146.6525,43.7034],[146.6528,43.703],[146.6533,43.7028],[146.6545,43.7034],[146.6555,43.7042],[146.6561,43.7046],[146.6562,43.7051],[146.6562,43.7062],[146.6565,43.7065],[146.6576,43.7061],[146.6583,43.7061],[146.6594,43.706],[146.6598,43.7063],[146.6602,43.7064],[146.6613,43.7062],[146.6614,43.7065],[146.6611,43.7069],[146.6616,43.7075],[146.6622,43.7075],[146.6627,43.7077],[146.663,43.7079],[146.6638,43.7078],[146.6649,43.7081],[146.6669,43.7077],[146.6672,43.7078],[146.6677,43.7081],[146.6685,43.7083],[146.6695,43.7084],[146.671,43.7084],[146.6717,43.7081],[146.673,43.7074],[146.6734,43.7073],[146.6741,43.7076],[146.6747,43.7076],[146.6747,43.7074],[146.6744,43.7068],[146.6748,43.7065],[146.6752,43.7069],[146.6762,43.7074],[146.6764,43.7079],[146.6762,43.7086],[146.6769,43.7091],[146.6773,43.7099],[146.6774,43.7104],[146.6766,43.7108],[146.6763,43.7111],[146.6757,43.712],[146.6757,43.7123],[146.676,43.7127],[146.6767,43.7127],[146.6769,43.7132],[146.6768,43.7134],[146.6763,43.7138],[146.6762,43.7145],[146.6764,43.7149],[146.6766,43.7151],[146.6772,43.7152],[146.678,43.715],[146.6783,43.7151],[146.6784,43.7157],[146.6793,43.716],[146.6803,43.7163],[146.6813,43.7166],[146.6822,43.7171],[146.6822,43.7174],[146.682,43.7179],[146.6823,43.7182],[146.683,43.7184],[146.6836,43.7188],[146.685,43.719],[146.6854,43.719],[146.6868,43.7187],[146.6871,43.7189],[146.6871,43.7193],[146.6868,43.7196],[146.6868,43.7199],[146.6871,43.7201],[146.6877,43.7209],[146.6887,43.7213],[146.6888,43.722],[146.6894,43.7223],[146.6899,43.7225],[146.6898,43.7227],[146.6885,43.7226],[146.6873,43.7223],[146.6866,43.7223],[146.685,43.7229],[146.6849,43.7236],[146.685,43.7241],[146.6854,43.7247],[146.6852,43.7252],[146.6847,43.7254],[146.6843,43.7254],[146.6835,43.7251],[146.6825,43.7253],[146.6817,43.7253],[146.6813,43.7252],[146.6809,43.7243],[146.6804,43.7242],[146.679,43.7242],[146.6777,43.7244],[146.6778,43.7248],[146.6795,43.7252],[146.6796,43.7253],[146.6801,43.7262],[146.6808,43.7267],[146.6819,43.7265],[146.6823,43.7266],[146.6828,43.7266],[146.6832,43.7271],[146.6829,43.7276],[146.6827,43.7287],[146.6826,43.7288],[146.6813,43.7289],[146.681,43.729],[146.6806,43.7295],[146.6807,43.7301],[146.6812,43.7304],[146.6817,43.7303],[146.6822,43.7301],[146.6827,43.7303],[146.683,43.731],[146.6829,43.7315],[146.6825,43.7319],[146.6825,43.7322],[146.6827,43.7328],[146.6831,43.7333],[146.684,43.7341],[146.6846,43.7349],[146.685,43.7351],[146.6866,43.7355],[146.6872,43.7353],[146.6875,43.7349],[146.6883,43.7346],[146.6892,43.7346],[146.6902,43.7344],[146.6907,43.7345],[146.6911,43.735],[146.6908,43.7352],[146.6901,43.7357],[146.6898,43.7359],[146.6901,43.7363],[146.6907,43.7362],[146.6909,43.7363],[146.6911,43.7367],[146.691,43.7372],[146.6913,43.7374],[146.6918,43.7375],[146.6918,43.7379],[146.6911,43.7394],[146.6899,43.7397],[146.6896,43.7401],[146.6896,43.7406],[146.6898,43.7414],[146.6902,43.7422],[146.6907,43.7428],[146.6913,43.7434],[146.6926,43.7442],[146.6947,43.7454],[146.6956,43.7459],[146.6961,43.746],[146.6971,43.7457],[146.698,43.7454],[146.6986,43.7452],[146.6987,43.7454],[146.6982,43.7457],[146.6982,43.7461],[146.6987,43.7466],[146.6992,43.7468],[146.7005,43.7469],[146.7017,43.7468],[146.7036,43.7462],[146.7038,43.7458],[146.7048,43.7453],[146.7051,43.7453],[146.7067,43.7452],[146.707,43.745],[146.7074,43.7446],[146.7079,43.7442],[146.7094,43.7435],[146.7099,43.7431],[146.7105,43.7425],[146.7108,43.7424],[146.7116,43.7425],[146.7118,43.7423],[146.7119,43.7417],[146.711,43.7408],[146.7106,43.7402],[146.7106,43.7394],[146.7112,43.7384],[146.7116,43.7386],[146.7122,43.7387],[146.7128,43.7384],[146.7135,43.7384],[146.7138,43.7383],[146.714,43.7378],[146.715,43.7375],[146.7157,43.7378],[146.716,43.7377],[146.7162,43.737],[146.7165,43.7368],[146.7168,43.7369],[146.717,43.7372],[146.7174,43.7373],[146.7181,43.7373],[146.7182,43.7367],[146.7179,43.7361],[146.7178,43.7358],[146.718,43.7356],[146.7188,43.7357],[146.7195,43.7357],[146.7201,43.7355],[146.7204,43.7351],[146.7206,43.7346],[146.7207,43.7338],[146.7211,43.7336],[146.7214,43.7336],[146.7226,43.7343],[146.7231,43.7346],[146.724,43.7348],[146.7246,43.7355],[146.7249,43.7357],[146.725,43.7351],[146.7259,43.7351],[146.7264,43.7352],[146.7273,43.7356],[146.7286,43.7362],[146.7296,43.7361],[146.7303,43.7364],[146.7314,43.7366],[146.7332,43.7372],[146.7333,43.7374],[146.7332,43.7378],[146.7329,43.7381],[146.7323,43.7382],[146.7324,43.7385],[146.7332,43.7387],[146.7338,43.7388],[146.7339,43.7391],[146.7334,43.7395],[146.7332,43.7398],[146.7319,43.7404],[146.7317,43.7408],[146.7319,43.7413],[146.7322,43.7416],[146.7321,43.7418],[146.7315,43.7419],[146.7297,43.7419],[146.7291,43.7423],[146.7289,43.7425],[146.7288,43.7437],[146.729,43.7447],[146.728,43.7451],[146.728,43.7454],[146.7285,43.7459],[146.7283,43.7463],[146.7284,43.7465],[146.729,43.7467],[146.7299,43.7466],[146.7308,43.7461],[146.7312,43.7457],[146.7317,43.7457],[146.7316,43.7453],[146.7319,43.745],[146.733,43.7449],[146.7332,43.745],[146.734,43.7456],[146.734,43.7459],[146.7335,43.7462],[146.7334,43.7465],[146.7336,43.7469],[146.7335,43.7476],[146.7336,43.7479],[146.7345,43.7485],[146.7349,43.7484],[146.7362,43.7478],[146.7367,43.7477],[146.7378,43.7479],[146.7385,43.7478],[146.7389,43.7478],[146.7406,43.7487],[146.7412,43.7497]]],[[[146.8014,43.749],[146.8018,43.7496],[146.803,43.7502],[146.803,43.7505],[146.8033,43.7509],[146.8031,43.751],[146.8025,43.7509],[146.8022,43.7509],[146.8022,43.7512],[146.8024,43.7515],[146.8042,43.7513],[146.805,43.7521],[146.8052,43.7526],[146.8052,43.7532],[146.8053,43.7534],[146.8062,43.7537],[146.8065,43.754],[146.8063,43.7543],[146.8058,43.7547],[146.8054,43.7553],[146.8055,43.7564],[146.8052,43.7564],[146.8046,43.7561],[146.8043,43.7563],[146.8044,43.7565],[146.8054,43.7574],[146.8052,43.7576],[146.8035,43.7575],[146.8027,43.7573],[146.8021,43.7574],[146.8019,43.7576],[146.8015,43.7583],[146.8013,43.759],[146.8016,43.7594],[146.8021,43.7599],[146.8022,43.7604],[146.8017,43.7607],[146.8012,43.7606],[146.8009,43.7602],[146.7998,43.7596],[146.7989,43.7596],[146.7983,43.7595],[146.7979,43.7595],[146.797,43.7598],[146.7965,43.7602],[146.7961,43.7606],[146.7957,43.7607],[146.7946,43.7602],[146.7944,43.7599],[146.794,43.759],[146.7935,43.7587],[146.7928,43.7584],[146.7924,43.7581],[146.792,43.7573],[146.792,43.7569],[146.7925,43.7567],[146.7934,43.7559],[146.7937,43.7554],[146.7935,43.755],[146.7922,43.7546],[146.792,43.7544],[146.7914,43.7534],[146.7915,43.753],[146.7923,43.7528],[146.7934,43.7524],[146.7948,43.7524],[146.7953,43.7522],[146.7954,43.7517],[146.7945,43.7515],[146.7943,43.7513],[146.7941,43.7507],[146.7939,43.7506],[146.7931,43.7507],[146.7928,43.7504],[146.7934,43.7497],[146.7934,43.7493],[146.793,43.7492],[146.7926,43.7493],[146.7924,43.7496],[146.7921,43.7495],[146.792,43.7493],[146.7919,43.7485],[146.7912,43.7483],[146.791,43.7487],[146.7905,43.7486],[146.7902,43.7482],[146.7894,43.7475],[146.7887,43.7474],[146.7884,43.7471],[146.7886,43.7463],[146.7888,43.7457],[146.7893,43.745],[146.7896,43.7447],[146.7906,43.7449],[146.7912,43.7452],[146.7917,43.7456],[146.7924,43.7459],[146.7931,43.7465],[146.7941,43.7471],[146.7946,43.7475],[146.7951,43.7473],[146.7943,43.7463],[146.7945,43.7461],[146.7952,43.7465],[146.7958,43.747],[146.7963,43.7472],[146.7969,43.7477],[146.7973,43.7475],[146.7981,43.7475],[146.7982,43.7477],[146.7982,43.7483],[146.7985,43.7484],[146.7993,43.7482],[146.8006,43.7484],[146.8012,43.7488],[146.8014,43.749]]],[[[146.6849,43.729],[146.6853,43.7286],[146.6856,43.7281],[146.6855,43.7278],[146.6849,43.7276],[146.6849,43.7273],[146.6853,43.7272],[146.6862,43.727],[146.6868,43.7273],[146.6884,43.7274],[146.6893,43.7276],[146.6898,43.7274],[146.6906,43.7276],[146.6913,43.728],[146.6917,43.7281],[146.6922,43.7281],[146.693,43.7279],[146.6935,43.7276],[146.6948,43.7265],[146.6953,43.726],[146.6955,43.7254],[146.6954,43.7251],[146.6947,43.7245],[146.694,43.7241],[146.6939,43.724],[146.6937,43.7229],[146.6941,43.7225],[146.6946,43.7223],[146.6948,43.7215],[146.6951,43.721],[146.6959,43.7209],[146.6979,43.7213],[146.6983,43.7215],[146.6986,43.722],[146.6985,43.7222],[146.6979,43.7224],[146.6973,43.7224],[146.6971,43.7228],[146.6974,43.723],[146.6982,43.7231],[146.699,43.7232],[146.6994,43.7234],[146.7004,43.7245],[146.701,43.7256],[146.7008,43.7267],[146.7013,43.7268],[146.7015,43.7265],[146.7022,43.7263],[146.7026,43.7263],[146.7027,43.7268],[146.7035,43.7272],[146.7039,43.7277],[146.7047,43.7278],[146.7045,43.7283],[146.7054,43.7284],[146.7053,43.7286],[146.7047,43.7293],[146.7047,43.7296],[146.7041,43.7298],[146.7036,43.7298],[146.7026,43.7295],[146.7016,43.729],[146.7006,43.7287],[146.698,43.7282],[146.6968,43.7281],[146.696,43.7284],[146.6952,43.7289],[146.6946,43.7292],[146.6941,43.7297],[146.6941,43.7303],[146.6944,43.7313],[146.6941,43.7318],[146.6938,43.7318],[146.6933,43.7315],[146.6927,43.7317],[146.692,43.7319],[146.6914,43.7325],[146.6915,43.7331],[146.6914,43.7333],[146.691,43.7335],[146.6903,43.7332],[146.6896,43.7331],[146.6896,43.7327],[146.6895,43.7324],[146.6891,43.7322],[146.6883,43.7321],[146.688,43.732],[146.6867,43.7315],[146.6857,43.7315],[146.6853,43.7312],[146.685,43.7304],[146.6847,43.7298],[146.6847,43.7294],[146.6849,43.729]]],[[[146.8492,43.7896],[146.8496,43.7894],[146.8493,43.7891],[146.8494,43.7887],[146.8506,43.7884],[146.8506,43.7888],[146.8512,43.7893],[146.8513,43.7898],[146.8515,43.79],[146.8521,43.7895],[146.8532,43.7901],[146.854,43.7912],[146.8541,43.7915],[146.8539,43.7918],[146.8534,43.792],[146.8534,43.7925],[146.8531,43.7928],[146.8526,43.7927],[146.8523,43.7921],[146.8512,43.7919],[146.8509,43.7921],[146.8506,43.793],[146.8503,43.7932],[146.8492,43.7932],[146.8486,43.7926],[146.8484,43.7924],[146.8485,43.7917],[146.849,43.7909],[146.8491,43.7907],[146.8489,43.7901],[146.8492,43.7896]]],[[[146.7135,43.7328],[146.7139,43.733],[146.7146,43.7331],[146.7152,43.7335],[146.7154,43.7338],[146.7152,43.7343],[146.7145,43.7347],[146.7143,43.735],[146.7146,43.7357],[146.7142,43.7361],[146.7135,43.736],[146.7118,43.7363],[146.7116,43.7361],[146.7107,43.734],[146.7106,43.7334],[146.7107,43.7328],[146.7108,43.7325],[146.7114,43.7323],[146.712,43.7322],[146.7126,43.7321],[146.7131,43.7323],[146.7135,43.7328]]],[[[146.8666,43.8084],[146.8671,43.808],[146.8677,43.8081],[146.8687,43.8084],[146.8697,43.8084],[146.8698,43.8086],[146.8701,43.8092],[146.8701,43.8093],[146.8691,43.8101],[146.8687,43.8103],[146.8683,43.8101],[146.8673,43.8095],[146.8668,43.809],[146.8666,43.8084]]],[[[146.8405,43.7995],[146.8411,43.7996],[146.842,43.7996],[146.8426,43.7994],[146.843,43.7994],[146.8435,43.7997],[146.8435,43.8],[146.8428,43.8004],[146.8424,43.8002],[146.8418,43.8003],[146.8418,43.8006],[146.8421,43.8008],[146.8421,43.8011],[146.8416,43.8012],[146.841,43.8011],[146.8407,43.8013],[146.8406,43.8017],[146.8401,43.8018],[146.8394,43.8014],[146.8397,43.8007],[146.8403,43.8001],[146.8403,43.7996],[146.8405,43.7995]]],[[[146.9127,43.8191],[146.9125,43.8195],[146.912,43.8197],[146.9118,43.8203],[146.9114,43.8203],[146.9107,43.818],[146.9108,43.8176],[146.9113,43.8177],[146.9121,43.8181],[146.9127,43.8191]]],[[[146.5908,43.737],[146.5911,43.7364],[146.5922,43.7362],[146.5926,43.7363],[146.5934,43.7368],[146.5934,43.7371],[146.5924,43.7377],[146.5919,43.7378],[146.5914,43.7378],[146.5909,43.7375],[146.5908,43.737]]],[[[146.8873,43.8073],[146.8864,43.8095],[146.886,43.8096],[146.8856,43.8095],[146.8854,43.809],[146.8856,43.8081],[146.8859,43.8076],[146.8863,43.8074],[146.8869,43.8071],[146.8873,43.8073]]],[[[146.8844,43.8064],[146.884,43.806],[146.884,43.8057],[146.8847,43.8053],[146.8855,43.8052],[146.8859,43.8052],[146.8864,43.8056],[146.8865,43.8061],[146.8858,43.8063],[146.8853,43.8064],[146.8844,43.8064]]],[[[146.88,43.8102],[146.8794,43.8097],[146.8799,43.8097],[146.8806,43.8102],[146.8804,43.8105],[146.8805,43.811],[146.8801,43.8115],[146.8789,43.8112],[146.8784,43.8108],[146.8785,43.8106],[146.8789,43.8104],[146.879,43.8101],[146.8795,43.8103],[146.88,43.8102]]],[[[146.7332,43.7441],[146.7337,43.7442],[146.7345,43.7445],[146.7352,43.7451],[146.7351,43.7456],[146.7347,43.7456],[146.7341,43.7453],[146.7329,43.7447],[146.7327,43.7443],[146.7332,43.7441]]],[[[146.6748,43.7059],[146.6756,43.706],[146.6763,43.7065],[146.677,43.7071],[146.6774,43.7076],[146.677,43.7079],[146.6756,43.7068],[146.675,43.7063],[146.6748,43.7059]]],[[[146.6774,43.7127],[146.6778,43.7124],[146.6788,43.7124],[146.6791,43.7127],[146.6789,43.7135],[146.6784,43.7137],[146.6779,43.7136],[146.6774,43.7133],[146.6773,43.713],[146.6774,43.7127]]],[[[146.8761,43.8099],[146.8764,43.8099],[146.8767,43.8104],[146.8771,43.8102],[146.8774,43.8104],[146.8781,43.8106],[146.8784,43.8112],[146.8776,43.8115],[146.8768,43.8113],[146.8767,43.8109],[146.8763,43.8107],[146.8761,43.8102],[146.8761,43.8099]]],[[[146.7333,43.74],[146.734,43.7397],[146.7346,43.74],[146.7345,43.7404],[146.735,43.7406],[146.7352,43.741],[146.7349,43.7411],[146.7344,43.7409],[146.7339,43.741],[146.7331,43.7405],[146.7333,43.74]]],[[[146.7155,43.7328],[146.715,43.7329],[146.7143,43.7328],[146.7138,43.7321],[146.7138,43.7319],[146.7142,43.7317],[146.7146,43.7317],[146.7155,43.7324],[146.7155,43.7328]]],[[[146.7972,43.7471],[146.7969,43.7472],[146.7955,43.7464],[146.7953,43.7461],[146.7957,43.746],[146.7962,43.7459],[146.7971,43.7466],[146.7972,43.7471]]],[[[146.729,43.7356],[146.7292,43.7351],[146.7303,43.735],[146.7306,43.7353],[146.7301,43.736],[146.7293,43.736],[146.729,43.7356]]],[[[146.6785,43.7083],[146.6787,43.7088],[146.6793,43.7092],[146.6794,43.7095],[146.679,43.7096],[146.6781,43.7092],[146.6777,43.7087],[146.6778,43.7083],[146.6785,43.7083]]],[[[146.5938,43.7365],[146.5932,43.7361],[146.5934,43.7356],[146.594,43.7356],[146.5943,43.7359],[146.5948,43.7367],[146.5945,43.7369],[146.5938,43.7365]]],[[[146.6477,43.7016],[146.6483,43.7018],[146.6484,43.7021],[146.6474,43.7023],[146.6471,43.7023],[146.6463,43.7019],[146.6464,43.7015],[146.6472,43.7017],[146.6477,43.7016]]],[[[146.8074,43.7804],[146.8071,43.7797],[146.8068,43.7792],[146.8072,43.779],[146.808,43.7793],[146.8078,43.7803],[146.8074,43.7804]]],[[[146.915,43.8218],[146.9147,43.8213],[146.9141,43.8211],[146.9141,43.8208],[146.9155,43.8208],[146.9157,43.8209],[146.9155,43.8216],[146.915,43.8218]]],[[[146.6246,43.7277],[146.6242,43.728],[146.6233,43.7272],[146.6235,43.7269],[146.6239,43.7268],[146.6243,43.727],[146.6246,43.7273],[146.6246,43.7277]]],[[[146.7855,43.7572],[146.7854,43.7569],[146.7853,43.7561],[146.7859,43.756],[146.7862,43.7566],[146.7861,43.7571],[146.7855,43.7572]]],[[[146.7964,43.7721],[146.7956,43.7723],[146.795,43.7717],[146.7954,43.7715],[146.7965,43.7716],[146.7968,43.7718],[146.7964,43.7721]]],[[[146.9122,43.8433],[146.9117,43.843],[146.9119,43.8426],[146.9122,43.8424],[146.913,43.8429],[146.913,43.8433],[146.9127,43.8435],[146.9122,43.8433]]],[[[146.6389,43.7034],[146.6395,43.7035],[146.6397,43.7038],[146.6395,43.7041],[146.6389,43.7042],[146.6385,43.7038],[146.6389,43.7034]]],[[[146.7057,43.7298],[146.7055,43.7295],[146.7056,43.7292],[146.706,43.7291],[146.7062,43.7292],[146.7064,43.7297],[146.7059,43.73],[146.7057,43.7298]]],[[[146.6706,43.7071],[146.6713,43.7076],[146.6711,43.708],[146.6706,43.7078],[146.6702,43.7073],[146.6706,43.7071]]],[[[146.8338,43.7812],[146.8335,43.7806],[146.8337,43.7804],[146.8342,43.7806],[146.8344,43.7809],[146.8342,43.7813],[146.8338,43.7812]]],[[[146.8111,43.7833],[146.8109,43.7836],[146.8103,43.7835],[146.8098,43.7833],[146.8099,43.7831],[146.8106,43.783],[146.8111,43.7833]]],[[[146.6735,43.7072],[146.6728,43.7073],[146.6725,43.7071],[146.6725,43.7068],[146.6734,43.7068],[146.6738,43.707],[146.6735,43.7072]]],[[[146.7526,43.7498],[146.7525,43.7498],[146.7521,43.7494],[146.7516,43.7491],[146.7518,43.7487],[146.7523,43.7489],[146.7527,43.7495],[146.7526,43.7498]]],[[[146.8573,43.8062],[146.8576,43.8061],[146.8587,43.8062],[146.8588,43.8065],[146.8585,43.8066],[146.8576,43.8064],[146.8573,43.8062]]],[[[146.9067,43.8104],[146.9072,43.8106],[146.907,43.8108],[146.9065,43.8111],[146.906,43.811],[146.9063,43.8106],[146.9067,43.8104]]],[[[146.8092,43.7782],[146.8097,43.7781],[146.81,43.7784],[146.81,43.7788],[146.8097,43.7789],[146.8092,43.7785],[146.8092,43.7782]]],[[[146.8099,43.78],[146.809,43.7794],[146.809,43.7791],[146.81,43.7797],[146.8099,43.78]]],[[[146.9147,43.8297],[146.9153,43.8302],[146.915,43.8305],[146.9145,43.8301],[146.9142,43.8298],[146.9147,43.8297]]],[[[146.8469,43.8051],[146.8459,43.8051],[146.8458,43.8047],[146.846,43.8045],[146.8469,43.805],[146.8469,43.8051]]],[[[146.803,43.78],[146.8026,43.78],[146.8022,43.7798],[146.8022,43.7795],[146.8027,43.7795],[146.8033,43.7797],[146.803,43.78]]],[[[146.913,43.8165],[146.9134,43.8164],[146.9139,43.8164],[146.9139,43.8169],[146.9135,43.8169],[146.9131,43.8168],[146.913,43.8165]]],[[[146.7649,43.7511],[146.7641,43.7507],[146.7638,43.7504],[146.7644,43.7504],[146.7649,43.7511]]],[[[146.6391,43.7068],[146.6395,43.7068],[146.6398,43.7072],[146.6394,43.7075],[146.6391,43.7074],[146.6391,43.7068]]],[[[146.8033,43.75],[146.8038,43.75],[146.804,43.7507],[146.8037,43.7508],[146.8033,43.7502],[146.8033,43.75]]],[[[146.9116,43.8475],[146.9121,43.8474],[146.9129,43.8478],[146.9126,43.848],[146.9117,43.8476],[146.9116,43.8475]]],[[[146.8659,43.8755],[146.8659,43.8758],[146.8654,43.8759],[146.8651,43.8756],[146.8654,43.8753],[146.8659,43.8755]]],[[[146.6858,43.7187],[146.6854,43.7185],[146.6854,43.7181],[146.6858,43.718],[146.686,43.7184],[146.6858,43.7187]]],[[[146.6906,43.7272],[146.6901,43.727],[146.6904,43.7266],[146.6909,43.7271],[146.6906,43.7272]]],[[[146.7928,43.7452],[146.7926,43.7455],[146.7922,43.745],[146.7926,43.7449],[146.7928,43.7452]]],[[[146.8821,43.8085],[146.8823,43.8087],[146.8821,43.8091],[146.8816,43.8088],[146.8817,43.8085],[146.8821,43.8085]]],[[[146.7977,43.7618],[146.7973,43.7619],[146.797,43.7615],[146.7975,43.7614],[146.7977,43.7618]]],[[[146.8332,43.7818],[146.8331,43.7815],[146.8336,43.7816],[146.8338,43.782],[146.8334,43.7821],[146.8332,43.7818]]],[[[146.6074,43.7359],[146.6072,43.7355],[146.6076,43.7353],[146.6078,43.7355],[146.6076,43.7359],[146.6074,43.7359]]],[[[146.9127,43.8492],[146.9124,43.8489],[146.9127,43.8487],[146.9132,43.8488],[146.9132,43.849],[146.9127,43.8492]]],[[[146.7951,43.768],[146.795,43.7682],[146.7942,43.7678],[146.7944,43.7676],[146.7951,43.768]]],[[[146.872,43.8107],[146.8715,43.8105],[146.8715,43.8103],[146.8722,43.8102],[146.872,43.8107]]],[[[146.8732,43.8101],[146.8728,43.8103],[146.8726,43.8099],[146.873,43.8098],[146.8732,43.8101]]],[[[146.852,43.793],[146.852,43.7932],[146.8515,43.7933],[146.8514,43.793],[146.852,43.793]]]]},"properties":{"name":"色丹村","code":"01695"}},
{"type":"Feature","geometry":{"type":"MultiPolygon","coordinates":[[[[145.7471,44.0638],[145.7469,44.0625],[145.7473,44.0621],[145.7471,44.0616],[145.7472,44.0612],[145.7476,44.0608],[145.7464,44.0594],[145.7459,44.059],[145.7453,44.0589],[145.745,44.0592],[145.7441,44.0591],[145.7438,44.0585],[145.7442,44.0582],[145.7441,44.0579],[145.743,44.0574],[145.7426,44.057],[145.7424,44.057],[145.7412,44.0563],[145.7411,44.0559],[145.7415,44.0554],[145.7423,44.0554],[145.743,44.0552],[145.7432,44.0553],[145.7434,44.0546],[145.7434,44.0538],[145.7424,44.0522],[145.7414,44.0511],[145.7387,44.049],[145.736,44.0469],[145.7332,44.0452],[145.7309,44.044],[145.7299,44.0439],[145.7286,44.0438],[145.7275,44.0434],[145.7267,44.043],[145.7261,44.0425],[145.7252,44.0415],[145.7245,44.0409],[145.7239,44.0407],[145.7219,44.0398],[145.7199,44.0389],[145.7181,44.0379],[145.717,44.0375],[145.7157,44.0372],[145.7136,44.0367],[145.7123,44.0365],[145.711,44.0365],[145.7102,44.0364],[145.7097,44.0361],[145.7085,44.0352],[145.7077,44.0345],[145.7073,44.0342],[145.7063,44.0338],[145.7053,44.0334],[145.7035,44.0329],[145.7023,44.0326],[145.7,44.0329],[145.6992,44.033],[145.698,44.0329],[145.6976,44.0327],[145.6969,44.0322],[145.696,44.0314],[145.6955,44.0311],[145.6953,44.0308],[145.6945,44.0304],[145.6933,44.0296],[145.6921,44.0292],[145.6917,44.029],[145.6908,44.0288],[145.6907,44.0286],[145.6875,44.0273],[145.6863,44.0269],[145.6858,44.0269],[145.6849,44.0266],[145.6847,44.0266],[145.6836,44.0263],[145.6816,44.026],[145.6797,44.0258],[145.6779,44.0256],[145.6767,44.0259],[145.6762,44.0257],[145.6761,44.0253],[145.6753,44.0246],[145.6752,44.024],[145.6758,44.0237],[145.6758,44.0233],[145.6758,44.0227],[145.6759,44.0224],[145.6768,44.0219],[145.6774,44.0214],[145.6791,44.0205],[145.6799,44.0201],[145.6802,44.0197],[145.6805,44.0191],[145.6808,44.0181],[145.6808,44.0172],[145.6806,44.0166],[145.6801,44.0158],[145.6795,44.015],[145.6782,44.0138],[145.6776,44.0132],[145.6772,44.0124],[145.6768,44.012],[145.6764,44.0117],[145.6756,44.0115],[145.6748,44.0114],[145.6735,44.0111],[145.6713,44.0103],[145.6655,44.008],[145.6646,44.0083],[145.6639,44.008],[145.6637,44.0074],[145.6638,44.0073],[145.6609,44.0061],[145.6582,44.005],[145.6567,44.0044],[145.6557,44.0041],[145.655,44.004],[145.6545,44.0035],[145.6544,44.0032],[145.6545,44.0024],[145.6544,44.002],[145.6538,44.0006],[145.6534,44],[145.6528,43.9992],[145.6518,43.9984],[145.6508,43.9976],[145.6503,43.997],[145.6498,43.9962],[145.6493,43.9956],[145.6484,43.9948],[145.647,43.9938],[145.6464,43.9931],[145.6459,43.9924],[145.6453,43.992],[145.6438,43.9913],[145.6428,43.9908],[145.6422,43.9902],[145.6416,43.9895],[145.6408,43.989],[145.6403,43.989],[145.6398,43.9888],[145.6392,43.9887],[145.6387,43.9886],[145.6381,43.9886],[145.6369,43.9884],[145.6351,43.9884],[145.6343,43.9884],[145.6325,43.9882],[145.6316,43.9881],[145.6301,43.9877],[145.6292,43.9874],[145.6274,43.9867],[145.6268,43.9865],[145.6262,43.986],[145.6255,43.9851],[145.625,43.9848],[145.624,43.9845],[145.6231,43.9845],[145.6226,43.9843],[145.6208,43.9834],[145.6199,43.983],[145.6183,43.9823],[145.6152,43.98],[145.6146,43.9795],[145.6142,43.9785],[145.6139,43.9779],[145.6131,43.9772],[145.6123,43.9765],[145.6099,43.9753],[145.6087,43.9748],[145.6077,43.9746],[145.6058,43.9748],[145.6048,43.9747],[145.6043,43.9746],[145.6032,43.974],[145.6013,43.9733],[145.6008,43.9731],[145.5996,43.9724],[145.5972,43.9707],[145.5961,43.9699],[145.5949,43.9687],[145.5942,43.9678],[145.5931,43.9657],[145.5929,43.9651],[145.5927,43.9638],[145.5917,43.9621],[145.5915,43.9617],[145.5913,43.9609],[145.5914,43.9601],[145.5911,43.9594],[145.5903,43.9582],[145.5901,43.9578],[145.5901,43.9573],[145.5902,43.9567],[145.5911,43.9562],[145.5911,43.9559],[145.591,43.9554],[145.5911,43.954],[145.591,43.9532],[145.5905,43.9523],[145.5899,43.9516],[145.5893,43.9512],[145.5875,43.95],[145.5849,43.9485],[145.5827,43.9473],[145.5809,43.9466],[145.5784,43.9458],[145.575,43.9449],[145.5727,43.9444],[145.5708,43.9441],[145.5689,43.9438],[145.5673,43.9437],[145.5637,43.9432],[145.562,43.9435],[145.5612,43.9442],[145.561,43.9441],[145.5601,43.9433],[145.5584,43.9423],[145.5568,43.9411],[145.5548,43.9375],[145.5541,43.937],[145.5532,43.9362],[145.5524,43.9358],[145.5506,43.9356],[145.5487,43.9352],[145.5479,43.935],[145.5465,43.9342],[145.5457,43.9335],[145.5447,43.9329],[145.5428,43.9314],[145.5418,43.931],[145.5405,43.9304],[145.54,43.9303],[145.5393,43.9304],[145.5387,43.9311],[145.5374,43.9309],[145.5371,43.9314],[145.5367,43.9313],[145.536,43.9314],[145.535,43.9314],[145.5344,43.9311],[145.5338,43.9302],[145.5337,43.9296],[145.5333,43.9289],[145.5334,43.9281],[145.5332,43.9273],[145.5333,43.9265],[145.5331,43.9258],[145.5336,43.9251],[145.5339,43.9242],[145.5339,43.9234],[145.5341,43.923],[145.534,43.9227],[145.5341,43.9221],[145.5339,43.9216],[145.5331,43.9207],[145.5325,43.9206],[145.5315,43.92],[145.53,43.9198],[145.5292,43.9198],[145.5278,43.9195],[145.5266,43.919],[145.5257,43.9185],[145.525,43.9182],[145.5239,43.9179],[145.5226,43.9177],[145.5219,43.9173],[145.5218,43.917],[145.5205,43.9166],[145.5201,43.9165],[145.518,43.9164],[145.5177,43.9164],[145.5168,43.9161],[145.5163,43.9155],[145.5156,43.9152],[145.5153,43.9148],[145.5149,43.9145],[145.5141,43.9143],[145.5132,43.9137],[145.5117,43.9127],[145.5108,43.9123],[145.51,43.9121],[145.5099,43.9123],[145.5091,43.9124],[145.5086,43.9116],[145.5087,43.9112],[145.5083,43.9105],[145.5078,43.9102],[145.5071,43.9101],[145.5064,43.9103],[145.5058,43.9109],[145.5054,43.9111],[145.5048,43.911],[145.5037,43.9104],[145.5024,43.9094],[145.5019,43.9087],[145.5014,43.9083],[145.5009,43.9082],[145.5001,43.9076],[145.499,43.9072],[145.4958,43.9067],[145.4943,43.9065],[145.4934,43.9066],[145.4928,43.9068],[145.4925,43.907],[145.4916,43.9064],[145.491,43.906],[145.49,43.9052],[145.4895,43.9051],[145.4882,43.905],[145.4865,43.9049],[145.4856,43.9048],[145.4852,43.9046],[145.4845,43.9043],[145.4836,43.9033],[145.4818,43.9027],[145.4807,43.9021],[145.4804,43.9018],[145.4788,43.901],[145.4775,43.9004],[145.4769,43.9],[145.4758,43.8997],[145.4746,43.8993],[145.4731,43.8986],[145.4716,43.8973],[145.4714,43.897],[145.4707,43.8956],[145.4702,43.8951],[145.4692,43.8938],[145.4688,43.8935],[145.4678,43.8929],[145.4663,43.8918],[145.4652,43.8906],[145.4645,43.89],[145.4634,43.8893],[145.4628,43.8875],[145.4622,43.8866],[145.4621,43.8861],[145.4619,43.8849],[145.4616,43.8841],[145.4605,43.8831],[145.4595,43.882],[145.459,43.8815],[145.4589,43.8811],[145.4579,43.8796],[145.4574,43.8791],[145.457,43.8784],[145.4566,43.8772],[145.456,43.8763],[145.4557,43.8755],[145.4558,43.8751],[145.455,43.8745],[145.4547,43.8742],[145.454,43.8739],[145.453,43.8735],[145.4523,43.8728],[145.4524,43.8724],[145.4522,43.8721],[145.4516,43.8716],[145.4515,43.871],[145.4513,43.8704],[145.4513,43.8702],[145.4518,43.8697],[145.4516,43.8693],[145.4513,43.8688],[145.4512,43.8681],[145.4515,43.8675],[145.4516,43.8668],[145.4512,43.8659],[145.4508,43.8654],[145.4498,43.8646],[145.4487,43.8641],[145.4478,43.8634],[145.4475,43.8629],[145.4474,43.8625],[145.4476,43.8616],[145.4474,43.8608],[145.4478,43.8603],[145.4476,43.8597],[145.4471,43.8592],[145.4471,43.8588],[145.4476,43.8578],[145.4478,43.8571],[145.4478,43.8567],[145.4472,43.8561],[145.4465,43.8556],[145.4449,43.8543],[145.4446,43.8537],[145.4445,43.8533],[145.4441,43.8527],[145.4431,43.852],[145.4426,43.8516],[145.4418,43.851],[145.4409,43.8505],[145.4387,43.8497],[145.4377,43.8494],[145.4364,43.8489],[145.4353,43.8486],[145.4331,43.8482],[145.4312,43.8476],[145.4296,43.8471],[145.4275,43.8466],[145.426,43.8464],[145.4251,43.8461],[145.4226,43.8455],[145.4203,43.8452],[145.4191,43.845],[145.4169,43.8445],[145.414,43.8443],[145.4129,43.8441],[145.4121,43.8442],[145.4115,43.844],[145.41,43.8435],[145.4082,43.8429],[145.4073,43.8428],[145.4069,43.8425],[145.4059,43.8412],[145.4047,43.8404],[145.4041,43.8397],[145.4033,43.8387],[145.4032,43.8384],[145.403,43.8371],[145.4023,43.836],[145.4013,43.8349],[145.4012,43.8346],[145.4003,43.8336],[145.3996,43.833],[145.3993,43.8326],[145.3992,43.8317],[145.3988,43.8306],[145.3987,43.8293],[145.3986,43.8286],[145.3987,43.828],[145.399,43.8273],[145.3996,43.8266],[145.4,43.826],[145.4006,43.8252],[145.403,43.823],[145.404,43.8228],[145.405,43.8223],[145.4057,43.8218],[145.4072,43.8211],[145.4078,43.8209],[145.4083,43.8206],[145.41,43.8189],[145.4111,43.8169],[145.4114,43.816],[145.4115,43.8155],[145.4114,43.8147],[145.4115,43.8142],[145.412,43.8137],[145.4122,43.8131],[145.4123,43.8119],[145.4125,43.8114],[145.4128,43.811],[145.4135,43.8103],[145.4143,43.8095],[145.415,43.8087],[145.416,43.8071],[145.4162,43.8065],[145.4169,43.8037],[145.417,43.8031],[145.4173,43.8022],[145.4179,43.8009],[145.418,43.8005],[145.4179,43.8],[145.418,43.7995],[145.4186,43.7982],[145.419,43.797],[145.4191,43.7965],[145.4193,43.7948],[145.4194,43.7944],[145.4198,43.7935],[145.4201,43.7928],[145.4203,43.7921],[145.4206,43.7913],[145.4212,43.7903],[145.4216,43.789],[145.4217,43.7879],[145.4218,43.7874],[145.4221,43.7869],[145.4227,43.7862],[145.4234,43.7855],[145.4244,43.7843],[145.4253,43.7827],[145.4256,43.7821],[145.4261,43.7802],[145.4263,43.7789],[145.4263,43.7783],[145.4265,43.7778],[145.4264,43.7772],[145.4265,43.7751],[145.4265,43.7742],[145.426,43.7721],[145.4249,43.7695],[145.4256,43.7692],[145.4257,43.7687],[145.4255,43.7673],[145.4252,43.7666],[145.4248,43.7657],[145.4242,43.7647],[145.4232,43.7627],[145.4229,43.7621],[145.422,43.7605],[145.4215,43.7591],[145.4209,43.7578],[145.4203,43.7568],[145.4201,43.7563],[145.4193,43.7551],[145.4192,43.7543],[145.4192,43.7537],[145.4182,43.7518],[145.4183,43.7516],[145.4188,43.7515],[145.4191,43.751],[145.4194,43.7503],[145.4195,43.75],[145.4195,43.7493],[145.4193,43.7489],[145.4194,43.7485],[145.419,43.7474],[145.4197,43.7468],[145.4201,43.7461],[145.4205,43.7449],[145.4206,43.7439],[145.4207,43.7434],[145.4208,43.7425],[145.4211,43.7405],[145.4213,43.7386],[145.4214,43.738],[145.4216,43.7376],[145.4221,43.737],[145.4222,43.7362],[145.423,43.7354],[145.424,43.7348],[145.4244,43.7343],[145.4247,43.7335],[145.4253,43.7326],[145.4257,43.7317],[145.4265,43.7306],[145.4268,43.73],[145.4272,43.7287],[145.4273,43.7281],[145.4275,43.7273],[145.4274,43.727],[145.4285,43.7267],[145.4289,43.7261],[145.429,43.7257],[145.4296,43.7249],[145.4299,43.7249],[145.4313,43.7227],[145.4319,43.7219],[145.4337,43.7198],[145.4346,43.7189],[145.4358,43.718],[145.4367,43.7175],[145.438,43.7169],[145.4391,43.7168],[145.4406,43.7171],[145.442,43.7173],[145.4437,43.7174],[145.4444,43.7175],[145.4451,43.7178],[145.4458,43.7183],[145.4461,43.7188],[145.4463,43.7199],[145.4463,43.7204],[145.446,43.7209],[145.4454,43.7209],[145.4458,43.72],[145.4457,43.7198],[145.4453,43.7192],[145.4449,43.7189],[145.4435,43.7185],[145.4421,43.7181],[145.4412,43.7181],[145.441,43.718],[145.4401,43.7179],[145.4397,43.718],[145.4397,43.7186],[145.44,43.7189],[145.4401,43.7193],[145.4405,43.7193],[145.4407,43.72],[145.4375,43.719],[145.4372,43.7185],[145.4369,43.718],[145.4367,43.718],[145.436,43.7185],[145.436,43.7188],[145.4365,43.719],[145.4368,43.7194],[145.4357,43.719],[145.4354,43.7192],[145.4342,43.7199],[145.4337,43.7203],[145.4334,43.7209],[145.4336,43.7211],[145.4344,43.7216],[145.4347,43.7215],[145.4363,43.7224],[145.4374,43.7228],[145.4392,43.7234],[145.4405,43.7237],[145.4402,43.7234],[145.4395,43.7231],[145.439,43.7228],[145.4391,43.7226],[145.4403,43.7233],[145.4419,43.7239],[145.4423,43.7239],[145.4433,43.7241],[145.4419,43.7234],[145.4413,43.7234],[145.4411,43.7229],[145.4423,43.7234],[145.4426,43.7236],[145.444,43.7242],[145.4458,43.7248],[145.4471,43.7251],[145.4476,43.7254],[145.4507,43.726],[145.4539,43.7265],[145.4551,43.7266],[145.4582,43.727],[145.4588,43.7271],[145.4614,43.7275],[145.4639,43.728],[145.4653,43.7283],[145.4675,43.7285],[145.4683,43.7287],[145.4695,43.7287],[145.47,43.7288],[145.4717,43.7289],[145.4735,43.7289],[145.4757,43.7288],[145.4764,43.7289],[145.4783,43.7289],[145.4792,43.7291],[145.4814,43.7297],[145.4826,43.7302],[145.4838,43.7308],[145.4844,43.731],[145.4863,43.7317],[145.4883,43.7322],[145.4896,43.7325],[145.4915,43.733],[145.4936,43.7331],[145.4951,43.7333],[145.4964,43.7336],[145.4985,43.7337],[145.5,43.7339],[145.5003,43.734],[145.5015,43.7341],[145.5029,43.7343],[145.5056,43.7344],[145.5059,43.7345],[145.5067,43.7345],[145.5087,43.7346],[145.509,43.7347],[145.5098,43.7347],[145.5106,43.7349],[145.5119,43.735],[145.5134,43.7349],[145.5151,43.735],[145.5183,43.735],[145.5195,43.735],[145.5208,43.7349],[145.5221,43.7346],[145.5227,43.734],[145.523,43.7342],[145.5231,43.7348],[145.5239,43.7351],[145.5254,43.7351],[145.5268,43.7349],[145.5282,43.7344],[145.5291,43.7342],[145.5316,43.7337],[145.5333,43.7335],[145.5348,43.7334],[145.5361,43.7334],[145.5379,43.7333],[145.539,43.7331],[145.541,43.7328],[145.5428,43.7323],[145.5433,43.7321],[145.5445,43.7317],[145.5448,43.7318],[145.5459,43.7315],[145.5473,43.7313],[145.548,43.7316],[145.55,43.7311],[145.5506,43.7308],[145.5496,43.7288],[145.5501,43.7269],[145.5504,43.7261],[145.5507,43.7258],[145.5511,43.7256],[145.5501,43.7239],[145.5497,43.7238],[145.5491,43.7232],[145.5486,43.7227],[145.5481,43.7223],[145.5474,43.7223],[145.5473,43.7217],[145.5469,43.7206],[145.5467,43.7195],[145.5462,43.7177],[145.5459,43.7158],[145.5453,43.7125],[145.5451,43.7117],[145.5448,43.7099],[145.5443,43.7077],[145.5442,43.707],[145.5433,43.7022],[145.5432,43.7018],[145.5429,43.7014],[145.542,43.6992],[145.5415,43.6988],[145.5415,43.6984],[145.5412,43.6982],[145.5412,43.6976],[145.541,43.6972],[145.5406,43.6967],[145.5392,43.6944],[145.5388,43.6936],[145.5381,43.6917],[145.5377,43.6905],[145.5373,43.6885],[145.5372,43.6874],[145.5365,43.6844],[145.5361,43.6818],[145.5358,43.6795],[145.5356,43.6778],[145.5354,43.6764],[145.5353,43.6747],[145.5352,43.6731],[145.5351,43.6719],[145.535,43.6707],[145.5351,43.6693],[145.5352,43.6685],[145.5362,43.6649],[145.5365,43.6631],[145.5368,43.6615],[145.537,43.6606],[145.5373,43.6591],[145.5381,43.6574],[145.5384,43.6566],[145.5385,43.6562],[145.5385,43.6555],[145.5386,43.655],[145.5383,43.6538],[145.5389,43.6529],[145.5395,43.6526],[145.5404,43.6523],[145.5419,43.6523],[145.5428,43.6524],[145.5441,43.6528],[145.5456,43.6537],[145.5467,43.6544],[145.5479,43.6557],[145.5482,43.6561],[145.5488,43.6572],[145.549,43.6576],[145.5498,43.6592],[145.5503,43.6599],[145.5503,43.6605],[145.551,43.6626],[145.5515,43.6638],[145.552,43.6649],[145.5524,43.666],[145.5528,43.6662],[145.553,43.6675],[145.5533,43.6678],[145.5534,43.6684],[145.554,43.6695],[145.5543,43.6703],[145.5543,43.671],[145.5544,43.6715],[145.5547,43.6719],[145.5547,43.6728],[145.5548,43.6734],[145.5547,43.674],[145.5545,43.6749],[145.5545,43.6762],[145.5546,43.6769],[145.5544,43.6774],[145.5545,43.6782],[145.5545,43.6792],[145.5545,43.6801],[145.5546,43.6808],[145.5547,43.6818],[145.5548,43.6822],[145.5546,43.6826],[145.5545,43.6843],[145.5546,43.6847],[145.5546,43.6853],[145.5549,43.6861],[145.5547,43.6867],[145.5548,43.6872],[145.5553,43.6884],[145.5555,43.6888],[145.5563,43.6899],[145.5569,43.6913],[145.5575,43.6927],[145.5579,43.6937],[145.5581,43.695],[145.5582,43.6961],[145.5585,43.6979],[145.5586,43.6986],[145.5588,43.6994],[145.5592,43.7007],[145.5594,43.7015],[145.5594,43.7029],[145.5595,43.7037],[145.5598,43.7049],[145.5598,43.7057],[145.5596,43.7072],[145.5596,43.7093],[145.5596,43.7106],[145.5599,43.7119],[145.5601,43.7133],[145.56,43.7154],[145.5598,43.7172],[145.5597,43.7181],[145.5599,43.7194],[145.5602,43.7208],[145.5604,43.7226],[145.5604,43.7242],[145.5607,43.7255],[145.5612,43.7273],[145.5612,43.7279],[145.5616,43.7294],[145.5619,43.7301],[145.5622,43.7313],[145.5627,43.7326],[145.5629,43.7335],[145.5629,43.7341],[145.5631,43.735],[145.5635,43.7362],[145.5637,43.737],[145.5642,43.7385],[145.5644,43.7399],[145.5646,43.7408],[145.5646,43.7422],[145.5647,43.7431],[145.5647,43.7441],[145.565,43.7456],[145.5652,43.7461],[145.5652,43.7468],[145.5653,43.7475],[145.5656,43.748],[145.5658,43.7488],[145.5661,43.7495],[145.5668,43.7518],[145.5673,43.7532],[145.5674,43.754],[145.5675,43.7546],[145.5675,43.7553],[145.5677,43.7558],[145.5683,43.7573],[145.5689,43.7583],[145.5692,43.7594],[145.5692,43.7603],[145.5692,43.7618],[145.5697,43.7638],[145.5696,43.7652],[145.57,43.7665],[145.5708,43.7685],[145.571,43.769],[145.5715,43.77],[145.5716,43.7705],[145.5719,43.7724],[145.5719,43.7732],[145.5716,43.7745],[145.5715,43.7758],[145.5717,43.7765],[145.5717,43.7769],[145.5719,43.7781],[145.5718,43.7784],[145.5717,43.7798],[145.5715,43.7814],[145.5715,43.782],[145.5713,43.7832],[145.5712,43.7845],[145.5709,43.7854],[145.5707,43.7861],[145.5708,43.787],[145.5707,43.7878],[145.5703,43.7891],[145.5702,43.7898],[145.5698,43.7913],[145.5697,43.7922],[145.5694,43.7934],[145.5693,43.794],[145.5694,43.7947],[145.5694,43.7961],[145.5695,43.7965],[145.5696,43.7974],[145.5697,43.7982],[145.5698,43.7998],[145.57,43.8006],[145.57,43.8008],[145.5701,43.8017],[145.5701,43.8026],[145.5702,43.8031],[145.5701,43.8044],[145.5703,43.8061],[145.5704,43.8082],[145.5706,43.8093],[145.5708,43.8098],[145.5709,43.8115],[145.5714,43.8126],[145.5715,43.8133],[145.5717,43.8137],[145.5718,43.8147],[145.5719,43.815],[145.5726,43.8177],[145.5731,43.819],[145.5733,43.82],[145.5734,43.8211],[145.5736,43.822],[145.574,43.8231],[145.5743,43.8239],[145.5748,43.8257],[145.5749,43.8265],[145.5749,43.8274],[145.5749,43.8281],[145.5749,43.8287],[145.575,43.8299],[145.5749,43.8309],[145.5752,43.8339],[145.5751,43.8343],[145.5751,43.8356],[145.5751,43.8363],[145.5754,43.8378],[145.5752,43.8395],[145.5754,43.8412],[145.5759,43.8432],[145.5762,43.844],[145.5765,43.8444],[145.577,43.8455],[145.5771,43.846],[145.5779,43.8476],[145.5781,43.848],[145.5785,43.8494],[145.5796,43.8518],[145.58,43.8526],[145.5804,43.8537],[145.5807,43.8543],[145.5814,43.8553],[145.5821,43.8568],[145.5825,43.8577],[145.5831,43.8588],[145.5835,43.8595],[145.5849,43.8621],[145.5856,43.8628],[145.5864,43.8637],[145.5869,43.8642],[145.5874,43.8648],[145.5878,43.8656],[145.5882,43.8662],[145.5894,43.8678],[145.5899,43.8683],[145.5909,43.8692],[145.5918,43.8698],[145.5932,43.8705],[145.5947,43.871],[145.5965,43.8713],[145.5973,43.8715],[145.5983,43.8715],[145.5996,43.8713],[145.6004,43.871],[145.6003,43.8706],[145.5998,43.8706],[145.5991,43.8709],[145.5989,43.8707],[145.5999,43.8703],[145.6005,43.8702],[145.6007,43.8707],[145.6013,43.8694],[145.6014,43.8688],[145.6015,43.8684],[145.6019,43.8681],[145.6026,43.8682],[145.6035,43.868],[145.6041,43.868],[145.6045,43.8686],[145.6053,43.8703],[145.6062,43.8726],[145.6068,43.8734],[145.607,43.8735],[145.6074,43.8745],[145.6081,43.8756],[145.6089,43.877],[145.6092,43.8773],[145.61,43.8786],[145.6113,43.8802],[145.613,43.882],[145.6138,43.8828],[145.6147,43.8833],[145.6159,43.8843],[145.6171,43.8849],[145.6186,43.8855],[145.6196,43.8856],[145.6202,43.8854],[145.6209,43.8849],[145.6214,43.8844],[145.6218,43.8837],[145.6229,43.8833],[145.6238,43.8834],[145.6241,43.8834],[145.6243,43.8839],[145.6246,43.8847],[145.625,43.8856],[145.6256,43.8864],[145.6259,43.8869],[145.6267,43.8888],[145.627,43.8893],[145.628,43.8905],[145.6288,43.892],[145.6296,43.8932],[145.6304,43.894],[145.6313,43.8952],[145.6328,43.8968],[145.6343,43.8985],[145.635,43.8994],[145.636,43.9005],[145.638,43.902],[145.6383,43.9024],[145.6393,43.903],[145.6403,43.9037],[145.6436,43.9058],[145.6455,43.9068],[145.6474,43.9077],[145.6494,43.9085],[145.6506,43.9089],[145.6525,43.9094],[145.6539,43.9098],[145.6563,43.9103],[145.6592,43.9108],[145.6624,43.9107],[145.6645,43.9105],[145.6652,43.9103],[145.666,43.9098],[145.6664,43.9096],[145.6668,43.9092],[145.6669,43.9089],[145.6674,43.9088],[145.6683,43.908],[145.669,43.9075],[145.6713,43.9065],[145.672,43.9061],[145.6729,43.9059],[145.6734,43.9055],[145.6742,43.9054],[145.6745,43.9054],[145.6754,43.906],[145.6764,43.9064],[145.677,43.9065],[145.6779,43.9064],[145.6784,43.9066],[145.6789,43.9068],[145.6799,43.9076],[145.6811,43.9082],[145.6832,43.9087],[145.6842,43.9089],[145.6856,43.9091],[145.6862,43.9093],[145.6881,43.9101],[145.6891,43.9102],[145.6899,43.9097],[145.69,43.9093],[145.6923,43.9095],[145.694,43.9097],[145.6961,43.9095],[145.6965,43.9094],[145.6976,43.9093],[145.6983,43.909],[145.6989,43.909],[145.6994,43.9092],[145.7002,43.9092],[145.7009,43.9094],[145.7022,43.909],[145.7028,43.9089],[145.7034,43.9091],[145.7061,43.9102],[145.7087,43.9107],[145.7093,43.911],[145.7105,43.9114],[145.7109,43.9116],[145.7117,43.9114],[145.7128,43.9114],[145.7133,43.9111],[145.7139,43.911],[145.7145,43.911],[145.7156,43.9122],[145.716,43.9125],[145.7166,43.9132],[145.7176,43.9138],[145.7189,43.9141],[145.7195,43.9141],[145.7201,43.9139],[145.7207,43.9136],[145.7213,43.9136],[145.7218,43.9141],[145.723,43.9145],[145.7238,43.9151],[145.7248,43.9156],[145.7259,43.9158],[145.7273,43.9168],[145.7279,43.9167],[145.7282,43.917],[145.7292,43.9174],[145.7305,43.9177],[145.7307,43.918],[145.7311,43.9181],[145.7315,43.9186],[145.7323,43.9188],[145.7325,43.919],[145.7339,43.9195],[145.7348,43.9201],[145.7357,43.9204],[145.7359,43.9204],[145.7373,43.9212],[145.7381,43.9215],[145.7391,43.9218],[145.74,43.9223],[145.7408,43.9223],[145.7413,43.9224],[145.7425,43.9229],[145.7443,43.9231],[145.745,43.9234],[145.7463,43.9236],[145.7477,43.9241],[145.7478,43.9242],[145.749,43.9246],[145.7491,43.9247],[145.7504,43.925],[145.7516,43.9255],[145.7528,43.9256],[145.7534,43.9257],[145.7539,43.9262],[145.7545,43.9263],[145.7548,43.9268],[145.7553,43.9272],[145.7565,43.9278],[145.7574,43.9284],[145.7582,43.9287],[145.76,43.9295],[145.7609,43.9297],[145.7622,43.9304],[145.7626,43.9305],[145.7639,43.9314],[145.7643,43.9316],[145.7652,43.932],[145.7666,43.9321],[145.7673,43.9321],[145.7678,43.9319],[145.7683,43.9319],[145.7693,43.9321],[145.7723,43.9324],[145.7732,43.9322],[145.7744,43.9322],[145.7748,43.9321],[145.775,43.9317],[145.7755,43.9318],[145.7765,43.9316],[145.7772,43.9317],[145.7776,43.9318],[145.778,43.9316],[145.7786,43.9317],[145.7787,43.9322],[145.7795,43.9324],[145.78,43.9321],[145.7803,43.9323],[145.781,43.9319],[145.781,43.9327],[145.7812,43.933],[145.7816,43.9329],[145.782,43.9329],[145.7822,43.9331],[145.7818,43.9336],[145.7809,43.9339],[145.7805,43.9343],[145.78,43.9345],[145.7798,43.9342],[145.7792,43.9342],[145.7788,43.9345],[145.7787,43.9353],[145.7789,43.9358],[145.7794,43.9364],[145.7793,43.9366],[145.7797,43.9375],[145.7799,43.9376],[145.7806,43.9385],[145.781,43.9388],[145.7813,43.9393],[145.7814,43.9401],[145.7813,43.9416],[145.7816,43.9423],[145.7823,43.9427],[145.7826,43.9432],[145.7834,43.9437],[145.7846,43.9445],[145.7861,43.9456],[145.7867,43.9465],[145.7872,43.947],[145.7876,43.9477],[145.7883,43.9482],[145.7886,43.9482],[145.7892,43.9486],[145.7893,43.9492],[145.7891,43.9496],[145.7896,43.9502],[145.7896,43.9506],[145.789,43.9514],[145.7894,43.9525],[145.7899,43.9531],[145.79,43.9537],[145.7896,43.9548],[145.7893,43.9551],[145.7894,43.9556],[145.7899,43.9559],[145.7899,43.9561],[145.7895,43.9564],[145.7891,43.9563],[145.7885,43.9567],[145.7883,43.9569],[145.7887,43.9574],[145.789,43.9576],[145.79,43.9577],[145.7905,43.9581],[145.7908,43.9585],[145.7916,43.9591],[145.7918,43.9597],[145.7912,43.9604],[145.7898,43.961],[145.7892,43.9617],[145.789,43.9624],[145.7887,43.9627],[145.7886,43.9633],[145.7886,43.9637],[145.7884,43.9641],[145.7882,43.9652],[145.7882,43.9656],[145.7881,43.9657],[145.7881,43.9663],[145.7885,43.9671],[145.7881,43.9682],[145.788,43.9687],[145.788,43.9695],[145.7883,43.9699],[145.7883,43.9703],[145.7888,43.9709],[145.7887,43.971],[145.7889,43.9715],[145.7893,43.9719],[145.7895,43.9724],[145.7895,43.9726],[145.7897,43.9731],[145.79,43.9735],[145.79,43.9737],[145.7903,43.9746],[145.7902,43.9753],[145.7903,43.9754],[145.7903,43.9761],[145.7905,43.977],[145.7904,43.9772],[145.7906,43.9778],[145.791,43.9793],[145.7913,43.9798],[145.7918,43.9804],[145.7917,43.9806],[145.792,43.981],[145.7919,43.9814],[145.7926,43.9824],[145.7929,43.9827],[145.7931,43.9831],[145.7936,43.9834],[145.7939,43.9839],[145.7939,43.9847],[145.7942,43.9851],[145.7949,43.9852],[145.7961,43.9851],[145.7965,43.9852],[145.7965,43.9856],[145.7961,43.9859],[145.7958,43.9864],[145.7959,43.9866],[145.7954,43.9872],[145.7954,43.988],[145.7957,43.9885],[145.7967,43.9895],[145.7969,43.9899],[145.7972,43.9899],[145.7973,43.9903],[145.7973,43.9909],[145.7975,43.9913],[145.7981,43.9917],[145.7989,43.9923],[145.7996,43.9928],[145.8004,43.9929],[145.801,43.9926],[145.8014,43.9922],[145.8019,43.9922],[145.8025,43.9923],[145.8031,43.9922],[145.8044,43.9922],[145.805,43.9923],[145.8056,43.9927],[145.8056,43.993],[145.8044,43.9937],[145.8028,43.994],[145.8025,43.9945],[145.8025,43.9953],[145.803,43.9959],[145.8027,43.9964],[145.8028,43.9969],[145.8036,43.9983],[145.804,43.9986],[145.8043,43.9994],[145.8046,44.0003],[145.8049,44.001],[145.805,44.0014],[145.8052,44.0018],[145.8054,44.0022],[145.8062,44.0031],[145.807,44.0035],[145.8076,44.004],[145.8077,44.0043],[145.8077,44.005],[145.8074,44.0056],[145.8074,44.0061],[145.8076,44.0062],[145.8076,44.0067],[145.8079,44.0073],[145.8079,44.0075],[145.8083,44.0084],[145.8084,44.0088],[145.8094,44.0107],[145.8101,44.0121],[145.8106,44.0128],[145.8109,44.0131],[145.8118,44.0136],[145.8121,44.0137],[145.8127,44.0141],[145.8133,44.0149],[145.8133,44.0156],[145.8135,44.0167],[145.8138,44.0172],[145.8147,44.0183],[145.8156,44.0194],[145.8169,44.0207],[145.8176,44.0214],[145.8199,44.0234],[145.8224,44.0254],[145.8232,44.026],[145.8271,44.0282],[145.8289,44.0292],[145.8324,44.0306],[145.8362,44.0315],[145.8375,44.0317],[145.8404,44.0321],[145.8418,44.0321],[145.8446,44.032],[145.8464,44.0319],[145.8486,44.0315],[145.8494,44.0313],[145.8514,44.0307],[145.8523,44.0304],[145.8544,44.0296],[145.855,44.0294],[145.8543,44.0284],[145.8541,44.0279],[145.8543,44.0271],[145.8543,44.026],[145.8544,44.0255],[145.8543,44.0253],[145.8544,44.0248],[145.8543,44.0244],[145.8532,44.0243],[145.8532,44.0241],[145.8546,44.0243],[145.8547,44.0241],[145.8542,44.024],[145.8542,44.0238],[145.855,44.0239],[145.8552,44.0233],[145.8546,44.0234],[145.8544,44.0231],[145.8539,44.0232],[145.853,44.0212],[145.8528,44.0212],[145.8523,44.0207],[145.8524,44.0206],[145.8511,44.0204],[145.8512,44.0202],[145.8524,44.0204],[145.8533,44.0205],[145.8541,44.02],[145.8543,44.0202],[145.855,44.0201],[145.8555,44.0203],[145.856,44.0204],[145.8568,44.0206],[145.8576,44.0207],[145.858,44.0206],[145.8592,44.0206],[145.8599,44.0204],[145.86,44.0202],[145.8611,44.0199],[145.8628,44.0198],[145.8637,44.0201],[145.8644,44.0202],[145.8651,44.0206],[145.8654,44.0212],[145.8654,44.0218],[145.8655,44.0221],[145.8659,44.0224],[145.8663,44.0224],[145.8672,44.0221],[145.8678,44.0221],[145.8684,44.0219],[145.8692,44.0219],[145.8698,44.022],[145.8704,44.022],[145.871,44.022],[145.8717,44.0219],[145.8734,44.0209],[145.874,44.0208],[145.8759,44.0204],[145.8773,44.0205],[145.8774,44.0205],[145.8781,44.021],[145.8777,44.0213],[145.877,44.0215],[145.876,44.0217],[145.8756,44.0219],[145.8748,44.0221],[145.8746,44.0221],[145.8739,44.0223],[145.8738,44.0226],[145.8742,44.023],[145.8757,44.0236],[145.8756,44.024],[145.8752,44.0242],[145.8745,44.0244],[145.8741,44.0246],[145.872,44.0253],[145.8714,44.0254],[145.8703,44.0257],[145.8698,44.026],[145.8693,44.0261],[145.8684,44.0266],[145.8676,44.0275],[145.8675,44.0279],[145.8666,44.0286],[145.8661,44.0292],[145.8659,44.0298],[145.8657,44.0299],[145.8652,44.031],[145.8648,44.0321],[145.8644,44.0336],[145.8646,44.0345],[145.8644,44.0358],[145.8641,44.0364],[145.8642,44.04],[145.8642,44.0411],[145.8639,44.0425],[145.8639,44.0431],[145.864,44.0437],[145.864,44.0447],[145.8636,44.0462],[145.8634,44.0473],[145.8635,44.0499],[145.8636,44.0513],[145.8638,44.0527],[145.8642,44.0548],[145.8645,44.0559],[145.866,44.0602],[145.8669,44.0628],[145.8672,44.0637],[145.8679,44.0652],[145.8688,44.0671],[145.8693,44.068],[145.87,44.069],[145.8705,44.0696],[145.871,44.07],[145.8718,44.0704],[145.8732,44.0708],[145.8744,44.0713],[145.8745,44.0717],[145.8743,44.0723],[145.8744,44.0727],[145.875,44.0736],[145.8757,44.0742],[145.8766,44.0746],[145.8773,44.0748],[145.8782,44.0749],[145.8786,44.0745],[145.8793,44.074],[145.8797,44.0741],[145.8799,44.0746],[145.8791,44.0754],[145.8791,44.0758],[145.8793,44.0762],[145.879,44.0769],[145.8793,44.0777],[145.8808,44.0784],[145.8816,44.0797],[145.8814,44.0799],[145.8805,44.0801],[145.8805,44.0804],[145.8808,44.0808],[145.8812,44.081],[145.8815,44.0814],[145.8811,44.0823],[145.8803,44.0834],[145.88,44.084],[145.8801,44.0849],[145.8807,44.0858],[145.882,44.0867],[145.8821,44.0868],[145.8828,44.087],[145.8836,44.0869],[145.8846,44.0876],[145.8851,44.0881],[145.8855,44.0882],[145.8865,44.0881],[145.8869,44.0883],[145.8878,44.0884],[145.8886,44.0881],[145.8889,44.0883],[145.8897,44.0895],[145.8897,44.0902],[145.8892,44.0916],[145.8894,44.0925],[145.8897,44.0935],[145.89,44.0939],[145.8907,44.0945],[145.8902,44.0946],[145.8901,44.0951],[145.8906,44.0956],[145.8905,44.0962],[145.8897,44.0974],[145.8897,44.0979],[145.8902,44.0986],[145.8901,44.0991],[145.8891,44.0994],[145.8886,44.0996],[145.888,44.1004],[145.8873,44.1015],[145.8868,44.1023],[145.8859,44.1035],[145.8857,44.1038],[145.8854,44.1052],[145.885,44.1063],[145.8843,44.1071],[145.8516,44.113],[145.8508,44.113],[145.8498,44.1127],[145.8487,44.112],[145.8474,44.1112],[145.846,44.1107],[145.8449,44.112],[145.8443,44.1125],[145.8427,44.1129],[145.8422,44.1131],[145.8421,44.1144],[145.8418,44.1147],[145.8403,44.1151],[145.8398,44.1155],[145.8383,44.116],[145.838,44.116],[145.8359,44.1152],[145.8344,44.1144],[145.8326,44.1141],[145.8321,44.1142],[145.8313,44.1144],[145.8299,44.1149],[145.8276,44.1159],[145.8273,44.116],[145.825,44.1159],[145.823,44.116],[145.8194,44.116],[145.8177,44.1161],[145.8166,44.1168],[145.8161,44.1169],[145.8154,44.1167],[145.8141,44.1167],[145.8137,44.1165],[145.8132,44.1159],[145.8123,44.1154],[145.8116,44.1154],[145.8104,44.1156],[145.8086,44.1154],[145.8084,44.1153],[145.8078,44.1147],[145.8069,44.1139],[145.8064,44.1137],[145.8053,44.1136],[145.8038,44.1139],[145.8008,44.1147],[145.8003,44.1146],[145.7997,44.1142],[145.7971,44.1096],[145.7965,44.1088],[145.7955,44.108],[145.7944,44.1072],[145.7941,44.1067],[145.794,44.106],[145.7942,44.1054],[145.7944,44.1039],[145.7946,44.1033],[145.795,44.103],[145.7956,44.1023],[145.793,44.1013],[145.7911,44.1005],[145.7897,44.0998],[145.7874,44.0982],[145.7859,44.097],[145.7846,44.0957],[145.7839,44.0942],[145.7836,44.0934],[145.7832,44.091],[145.7822,44.0834],[145.7821,44.0829],[145.7816,44.0821],[145.7768,44.0747],[145.7765,44.0738],[145.7765,44.0727],[145.7771,44.0683],[145.7771,44.068],[145.7768,44.0673],[145.7763,44.0666],[145.7758,44.0663],[145.7496,44.0643],[145.7489,44.0644],[145.7486,44.0644],[145.7471,44.0638]]],[[[145.7427,43.9221],[145.7424,43.9218],[145.7431,43.9218],[145.7438,43.9221],[145.7445,43.9222],[145.7454,43.9223],[145.7459,43.9222],[145.746,43.9224],[145.7465,43.9227],[145.7471,43.9227],[145.7475,43.9231],[145.7485,43.9232],[145.7492,43.9234],[145.7498,43.9237],[145.7498,43.9241],[145.7494,43.9243],[145.7483,43.924],[145.7478,43.9241],[145.7471,43.9236],[145.7463,43.9234],[145.7463,43.9233],[145.7454,43.9229],[145.7443,43.9227],[145.7436,43.9224],[145.7433,43.9222],[145.7427,43.9221]]],[[[145.7412,43.9199],[145.7417,43.92],[145.7429,43.9208],[145.7435,43.9208],[145.7439,43.9209],[145.7441,43.9214],[145.7435,43.9219],[145.7432,43.9215],[145.7428,43.9212],[145.7426,43.9209],[145.7422,43.9207],[145.7419,43.9209],[145.7407,43.9208],[145.74,43.9204],[145.7397,43.9205],[145.7392,43.9204],[145.7391,43.9206],[145.7377,43.9203],[145.7374,43.9201],[145.7375,43.9196],[145.738,43.9199],[145.7387,43.9195],[145.739,43.9199],[145.7393,43.92],[145.7412,43.9199]]],[[[145.75,43.9245],[145.7502,43.924],[145.75,43.9238],[145.7501,43.9236],[145.7512,43.9239],[145.7514,43.9242],[145.7524,43.924],[145.753,43.924],[145.7539,43.9239],[145.7543,43.9244],[145.7552,43.9246],[145.7549,43.9253],[145.7546,43.9254],[145.7537,43.9248],[145.7526,43.9247],[145.7521,43.925],[145.7516,43.925],[145.7515,43.9246],[145.7507,43.9248],[145.7504,43.9245],[145.75,43.9245]]],[[[145.7316,43.9164],[145.7315,43.9169],[145.7316,43.9174],[145.7308,43.9177],[145.7309,43.9174],[145.7304,43.9173],[145.7299,43.917],[145.7292,43.917],[145.729,43.9162],[145.7299,43.9158],[145.7304,43.9157],[145.7307,43.9158],[145.7304,43.9163],[145.7314,43.9163],[145.7316,43.9164]]],[[[145.8078,43.9927],[145.8089,43.9928],[145.8099,43.9928],[145.8108,43.9929],[145.8111,43.9933],[145.8109,43.9936],[145.8095,43.9937],[145.8093,43.9938],[145.8087,43.9936],[145.8081,43.9936],[145.8074,43.9933],[145.8073,43.9929],[145.8078,43.9927]]],[[[145.6501,44.005],[145.65,44.0047],[145.6504,44.0043],[145.6516,44.0039],[145.6521,44.004],[145.6526,44.0044],[145.6525,44.0048],[145.652,44.0051],[145.6513,44.0053],[145.6505,44.0054],[145.6501,44.0051],[145.6501,44.005]]],[[[145.7229,43.9128],[145.7234,43.9127],[145.723,43.9134],[145.7212,43.9132],[145.721,43.9134],[145.7206,43.9132],[145.7209,43.9125],[145.7218,43.912],[145.7221,43.9121],[145.7224,43.9126],[145.7221,43.913],[145.7229,43.9128]]],[[[145.734,43.919],[145.7337,43.9186],[145.734,43.9185],[145.7348,43.9185],[145.7355,43.9183],[145.7363,43.9186],[145.7365,43.9191],[145.7369,43.9196],[145.7363,43.9196],[145.7353,43.9192],[145.7348,43.9191],[145.7344,43.9194],[145.734,43.919]]],[[[145.7414,44.0577],[145.7416,44.0575],[145.7423,44.0574],[145.7423,44.0577],[145.7421,44.058],[145.742,44.0586],[145.7415,44.0589],[145.7408,44.0588],[145.7406,44.0584],[145.7408,44.0582],[145.7414,44.0577]]],[[[145.7138,43.9097],[145.7145,43.9095],[145.7149,43.9103],[145.7142,43.9106],[145.7133,43.9104],[145.7133,43.91],[145.7138,43.9097]]],[[[145.6653,43.9091],[145.6655,43.909],[145.6661,43.9092],[145.665,43.9095],[145.6643,43.9096],[145.6637,43.9098],[145.6634,43.9095],[145.6646,43.9092],[145.6653,43.9091]]],[[[145.7124,43.9098],[145.7126,43.9101],[145.7121,43.9105],[145.7113,43.9103],[145.7106,43.9104],[145.7106,43.91],[145.7112,43.9099],[145.7118,43.91],[145.7124,43.9098]]],[[[145.8072,43.996],[145.8069,43.9961],[145.8065,43.9958],[145.807,43.9952],[145.8075,43.9952],[145.8077,43.9955],[145.8077,43.9958],[145.8075,43.9961],[145.8072,43.996]]],[[[145.7268,43.9159],[145.727,43.9156],[145.7279,43.9157],[145.7281,43.9159],[145.7273,43.9164],[145.7269,43.9162],[145.7268,43.9159]]],[[[145.724,43.9143],[145.7245,43.9142],[145.7249,43.9142],[145.7243,43.9149],[145.7239,43.915],[145.7236,43.9148],[145.7235,43.9144],[145.724,43.9143]]],[[[145.7095,43.9087],[145.7098,43.9085],[145.711,43.9093],[145.7109,43.9096],[145.7103,43.9091],[145.7095,43.9087]]],[[[145.7567,43.9274],[145.7569,43.9272],[145.7577,43.9269],[145.7581,43.9272],[145.7578,43.9275],[145.757,43.9276],[145.7567,43.9274]]],[[[145.7235,43.9141],[145.7235,43.9144],[145.723,43.9144],[145.7225,43.914],[145.7228,43.9136],[145.7232,43.9136],[145.7235,43.9141]]],[[[145.6616,43.9099],[145.6616,43.9102],[145.6609,43.9103],[145.6597,43.9103],[145.6596,43.9101],[145.661,43.9099],[145.6616,43.9099]]],[[[145.7249,43.9151],[145.7254,43.9149],[145.726,43.9152],[145.7257,43.9156],[145.7252,43.9155],[145.7249,43.9151]]],[[[145.7047,43.9091],[145.7038,43.909],[145.7033,43.9088],[145.704,43.9086],[145.7043,43.9086],[145.7047,43.9091]]],[[[145.7332,43.9188],[145.733,43.919],[145.7324,43.9187],[145.7324,43.9184],[145.733,43.9183],[145.7333,43.9185],[145.7332,43.9188]]],[[[145.7327,44.0477],[145.7325,44.0474],[145.7328,44.0473],[145.7333,44.0477],[145.7332,44.0479],[145.7327,44.0477]]],[[[145.7804,43.9349],[145.7811,43.9348],[145.7813,43.9351],[145.7806,43.9352],[145.7804,43.9349]]],[[[145.4427,43.8563],[145.4428,43.8568],[145.4423,43.857],[145.4422,43.8563],[145.4427,43.8563]]],[[[145.7797,43.9362],[145.7804,43.9361],[145.7806,43.9364],[145.7799,43.9365],[145.7797,43.9362]]],[[[145.7903,43.9463],[145.7901,43.9459],[145.7908,43.9461],[145.7909,43.9464],[145.7903,43.9463]]],[[[145.7237,43.9131],[145.7243,43.9128],[145.7245,43.9129],[145.7243,43.9133],[145.7238,43.9133],[145.7237,43.9131]]],[[[145.6978,43.9082],[145.6982,43.9083],[145.6979,43.9087],[145.6972,43.9083],[145.6978,43.9082]]],[[[145.7286,43.9167],[145.7282,43.9167],[145.7279,43.9164],[145.7284,43.9162],[145.7288,43.9164],[145.7286,43.9167]]],[[[145.7713,43.932],[145.7713,43.9322],[145.7708,43.9322],[145.7706,43.932],[145.771,43.9318],[145.7713,43.932]]],[[[145.83,44.0245],[145.8299,44.0248],[145.8293,44.0246],[145.8295,44.0243],[145.83,44.0245]]],[[[145.7621,43.9293],[145.7617,43.9293],[145.7617,43.9289],[145.7623,43.9289],[145.7621,43.9293]]],[[[145.7351,44.0572],[145.7346,44.0573],[145.7345,44.0569],[145.7348,44.0569],[145.7351,44.0572]]],[[[145.7687,43.9316],[145.7689,43.9313],[145.7694,43.9316],[145.7691,43.9317],[145.7687,43.9316]]],[[[145.6349,43.9911],[145.6346,43.9911],[145.6346,43.9908],[145.6351,43.9907],[145.6349,43.9911]]],[[[145.7581,43.9275],[145.7583,43.9273],[145.7587,43.9276],[145.7582,43.9278],[145.7581,43.9275]]],[[[145.8852,44.0807],[145.8847,44.0808],[145.8847,44.0804],[145.8852,44.0804],[145.8852,44.0807]]],[[[145.5,43.7333],[145.5,43.7332],[145.5008,43.7333],[145.5008,43.7334],[145.5,43.7333]]]]},"properties":{"name":"泊村","code":"01696"}},
{"type":"Feature","geometry":{"type":"MultiPolygon","coordinates":[[[[145.8907,44.0945],[145.8928,44.0958],[145.8939,44.0962],[145.8947,44.0964],[145.8966,44.0966],[145.897,44.0965],[145.8975,44.0962],[145.8978,44.0957],[145.8989,44.0948],[145.8994,44.0945],[145.9005,44.094],[145.9018,44.094],[145.9024,44.0941],[145.9032,44.0945],[145.9036,44.0951],[145.9044,44.0968],[145.9048,44.0979],[145.905,44.0988],[145.905,44.0992],[145.9051,44.0997],[145.9049,44.1002],[145.9043,44.1007],[145.9035,44.1011],[145.9013,44.1017],[145.9003,44.1022],[145.8993,44.1033],[145.8991,44.104],[145.899,44.1048],[145.8991,44.107],[145.8993,44.1082],[145.8997,44.1092],[145.9002,44.1103],[145.9006,44.1109],[145.9012,44.1115],[145.9018,44.1124],[145.9027,44.1143],[145.9034,44.1155],[145.9041,44.1164],[145.9044,44.1169],[145.9048,44.1182],[145.9054,44.1196],[145.9061,44.1209],[145.9071,44.1221],[145.9079,44.1228],[145.9084,44.1231],[145.9103,44.1241],[145.911,44.1246],[145.9127,44.126],[145.9135,44.1268],[145.9141,44.128],[145.9143,44.1284],[145.9156,44.1302],[145.9165,44.1308],[145.9174,44.1317],[145.9184,44.1325],[145.9191,44.1335],[145.9199,44.1342],[145.9207,44.135],[145.9221,44.1361],[145.9226,44.1364],[145.9235,44.1364],[145.9245,44.1367],[145.9253,44.1373],[145.9266,44.1379],[145.9276,44.1383],[145.9291,44.1391],[145.9295,44.1395],[145.9302,44.1403],[145.9311,44.1412],[145.9327,44.1424],[145.9336,44.143],[145.9339,44.1433],[145.9346,44.1442],[145.9349,44.1449],[145.9357,44.1455],[145.936,44.1462],[145.9367,44.147],[145.9376,44.1477],[145.9384,44.1483],[145.94,44.1492],[145.9409,44.1495],[145.9413,44.1498],[145.9417,44.1505],[145.9426,44.1512],[145.9432,44.1517],[145.9453,44.1529],[145.9464,44.1532],[145.9487,44.1536],[145.9499,44.1537],[145.9513,44.1537],[145.9522,44.1539],[145.9528,44.1543],[145.9535,44.1549],[145.9542,44.1553],[145.9549,44.1555],[145.9574,44.1562],[145.9579,44.1562],[145.9585,44.156],[145.9599,44.1553],[145.9611,44.1551],[145.9616,44.1548],[145.9621,44.1543],[145.9625,44.1541],[145.9634,44.1539],[145.964,44.1536],[145.9651,44.1528],[145.9657,44.1527],[145.966,44.1528],[145.9663,44.1534],[145.9666,44.1538],[145.9672,44.1542],[145.969,44.1548],[145.9697,44.155],[145.9703,44.1555],[145.9705,44.1564],[145.9705,44.1567],[145.9701,44.1576],[145.9701,44.1582],[145.9705,44.1593],[145.971,44.1599],[145.9713,44.1607],[145.972,44.1612],[145.9727,44.1618],[145.975,44.1628],[145.9755,44.1634],[145.9759,44.1642],[145.9764,44.165],[145.9778,44.1667],[145.9786,44.1674],[145.9795,44.1683],[145.98,44.1687],[145.9817,44.1698],[145.9836,44.1707],[145.9852,44.1713],[145.9865,44.1717],[145.987,44.1717],[145.9881,44.1717],[145.9893,44.1717],[145.9907,44.1717],[145.9912,44.1717],[145.9921,44.1719],[145.9931,44.1723],[145.9942,44.1729],[145.9956,44.1734],[145.9969,44.1733],[145.9974,44.1732],[145.9984,44.1728],[145.999,44.1723],[145.9997,44.1719],[145.9999,44.1717],[146.0005,44.1714],[146.0011,44.1713],[146.0019,44.1714],[146.0025,44.172],[146.0029,44.1722],[146.0038,44.1725],[146.0053,44.1729],[146.0063,44.1732],[146.0074,44.1732],[146.0079,44.1736],[146.0099,44.174],[146.0104,44.174],[146.0114,44.1738],[146.0121,44.1735],[146.0126,44.1735],[146.0131,44.1736],[146.0139,44.1741],[146.0144,44.1745],[146.0161,44.1755],[146.0171,44.1759],[146.0191,44.1761],[146.0201,44.1765],[146.0208,44.1766],[146.0228,44.1766],[146.0241,44.1769],[146.0244,44.1771],[146.025,44.1784],[146.0257,44.1788],[146.026,44.179],[146.0255,44.1794],[146.0251,44.1804],[146.0252,44.181],[146.0258,44.182],[146.0263,44.1826],[146.0272,44.1832],[146.0281,44.184],[146.0296,44.1846],[146.0315,44.1854],[146.0322,44.1858],[146.0329,44.186],[146.0339,44.1861],[146.0343,44.186],[146.0346,44.1856],[146.0355,44.185],[146.0369,44.1847],[146.0377,44.1849],[146.0386,44.1854],[146.0393,44.1856],[146.0403,44.1855],[146.0406,44.1854],[146.0409,44.185],[146.0411,44.1842],[146.0416,44.1836],[146.042,44.1834],[146.0428,44.1832],[146.044,44.1833],[146.0445,44.1833],[146.0456,44.1836],[146.046,44.1838],[146.0465,44.184],[146.0471,44.1847],[146.0468,44.1854],[146.0463,44.1856],[146.046,44.1858],[146.0466,44.186],[146.0468,44.1863],[146.0469,44.1868],[146.0471,44.1869],[146.0477,44.1868],[146.048,44.187],[146.0479,44.1874],[146.0473,44.1877],[146.0463,44.1878],[146.0455,44.1881],[146.0451,44.1884],[146.0443,44.1887],[146.0441,44.1889],[146.0438,44.19],[146.0441,44.1904],[146.0457,44.1917],[146.0466,44.1927],[146.0484,44.1933],[146.0489,44.1933],[146.0493,44.1936],[146.0499,44.1935],[146.0506,44.1932],[146.0515,44.1929],[146.0526,44.1931],[146.0534,44.1936],[146.0538,44.194],[146.0545,44.1939],[146.0549,44.1942],[146.0546,44.1948],[146.0551,44.1953],[146.0548,44.1957],[146.0543,44.1958],[146.0538,44.1963],[146.0537,44.1966],[146.0531,44.1969],[146.0523,44.1968],[146.0512,44.197],[146.0504,44.1968],[146.0499,44.1966],[146.0494,44.1966],[146.0487,44.197],[146.0484,44.1973],[146.0481,44.1988],[146.0481,44.1992],[146.0482,44.2],[146.0486,44.2001],[146.0491,44.1997],[146.0495,44.1996],[146.0499,44.2001],[146.0499,44.2004],[146.0494,44.2006],[146.0494,44.2011],[146.0501,44.2014],[146.0501,44.2016],[146.0498,44.2021],[146.0503,44.2031],[146.051,44.2033],[146.0513,44.2039],[146.0514,44.2043],[146.0517,44.2047],[146.0523,44.2048],[146.0541,44.2051],[146.0542,44.2056],[146.0536,44.2062],[146.0526,44.2063],[146.0517,44.2071],[146.0515,44.2077],[146.0522,44.2085],[146.0529,44.2084],[146.0533,44.2085],[146.0535,44.2089],[146.0528,44.2091],[146.0527,44.2095],[146.0538,44.2098],[146.0539,44.2105],[146.0536,44.211],[146.0536,44.212],[146.054,44.213],[146.0552,44.2144],[146.0556,44.2155],[146.0554,44.2161],[146.0552,44.2162],[146.0558,44.2171],[146.0562,44.2183],[146.0568,44.2193],[146.057,44.2202],[146.0572,44.2205],[146.0579,44.2209],[146.0582,44.2214],[146.0593,44.2229],[146.0598,44.2235],[146.0608,44.2245],[146.0613,44.2251],[146.0622,44.2266],[146.0635,44.228],[146.064,44.2289],[146.0646,44.2297],[146.0653,44.2308],[146.0665,44.2319],[146.067,44.2325],[146.0678,44.2333],[146.0686,44.234],[146.0706,44.2356],[146.0743,44.2384],[146.0753,44.2394],[146.0763,44.2403],[146.0807,44.2439],[146.0831,44.2456],[146.0845,44.2464],[146.0866,44.2478],[146.0874,44.2482],[146.0895,44.2497],[146.0916,44.251],[146.0926,44.2517],[146.0939,44.2527],[146.0954,44.2536],[146.0966,44.2541],[146.0975,44.2545],[146.0981,44.2548],[146.1008,44.2568],[146.1018,44.2575],[146.1046,44.2594],[146.1064,44.2605],[146.1102,44.2624],[146.112,44.2631],[146.113,44.2635],[146.1142,44.2639],[146.1168,44.2645],[146.1206,44.2653],[146.1225,44.2658],[146.1249,44.2661],[146.1261,44.2664],[146.127,44.2665],[146.1289,44.2665],[146.1303,44.2664],[146.1309,44.2663],[146.1315,44.2659],[146.132,44.2658],[146.1327,44.2658],[146.133,44.2657],[146.1334,44.2653],[146.1339,44.2652],[146.1359,44.2657],[146.1378,44.2659],[146.1396,44.2659],[146.1409,44.2656],[146.1434,44.2645],[146.1439,44.2645],[146.1449,44.2647],[146.1481,44.266],[146.1492,44.2664],[146.1506,44.2671],[146.1519,44.2676],[146.1526,44.2676],[146.1536,44.2676],[146.1557,44.2673],[146.1568,44.2673],[146.1578,44.2673],[146.1583,44.2673],[146.1602,44.2681],[146.1608,44.2688],[146.1618,44.2694],[146.1633,44.2702],[146.1648,44.2708],[146.1661,44.2712],[146.167,44.2714],[146.1679,44.2715],[146.1689,44.2714],[146.1711,44.2709],[146.1721,44.2704],[146.1726,44.2704],[146.1737,44.2704],[146.1745,44.2704],[146.1756,44.27],[146.1766,44.2693],[146.1777,44.2689],[146.1783,44.2689],[146.1807,44.2689],[146.1819,44.269],[146.1832,44.2689],[146.1845,44.2691],[146.1859,44.269],[146.1875,44.2689],[146.1889,44.269],[146.1904,44.2692],[146.1912,44.2691],[146.1925,44.2691],[146.193,44.2693],[146.1936,44.2691],[146.1945,44.2689],[146.1958,44.2689],[146.1967,44.2691],[146.198,44.2696],[146.1997,44.2705],[146.2007,44.2712],[146.2015,44.2714],[146.2027,44.2714],[146.2036,44.2713],[146.2053,44.2712],[146.2068,44.271],[146.2078,44.2708],[146.2083,44.2711],[146.2086,44.2715],[146.2097,44.2717],[146.2107,44.2715],[146.2124,44.2719],[146.2134,44.2722],[146.214,44.2722],[146.2151,44.2718],[146.2161,44.2718],[146.2174,44.2719],[146.218,44.272],[146.2189,44.2727],[146.2195,44.2729],[146.2205,44.2731],[146.222,44.273],[146.2234,44.2728],[146.2248,44.2728],[146.226,44.2724],[146.2271,44.2717],[146.2286,44.2713],[146.2291,44.2712],[146.2295,44.2715],[146.2315,44.2708],[146.2323,44.2707],[146.2328,44.2708],[146.2331,44.2711],[146.2335,44.2717],[146.2338,44.2719],[146.2343,44.2718],[146.2355,44.2713],[146.2368,44.2706],[146.2374,44.2705],[146.2382,44.2706],[146.2397,44.2711],[146.2407,44.2712],[146.2413,44.2714],[146.242,44.2719],[146.2426,44.2722],[146.2438,44.2724],[146.2447,44.2729],[146.2455,44.273],[146.2463,44.2729],[146.247,44.2727],[146.2475,44.2722],[146.2484,44.2718],[146.2495,44.2709],[146.2503,44.2707],[146.2506,44.2709],[146.2505,44.2713],[146.2501,44.2717],[146.249,44.2725],[146.2491,44.2727],[146.2497,44.2726],[146.2506,44.2721],[146.2514,44.272],[146.2519,44.2721],[146.2535,44.2729],[146.2545,44.2731],[146.2563,44.2735],[146.2585,44.2738],[146.2602,44.2739],[146.2607,44.2737],[146.2613,44.2734],[146.2621,44.2731],[146.2628,44.273],[146.2636,44.2731],[146.2646,44.2736],[146.2661,44.2742],[146.268,44.2746],[146.2686,44.2749],[146.2691,44.2749],[146.2702,44.2744],[146.2708,44.2746],[146.272,44.2755],[146.2728,44.2758],[146.2739,44.2755],[146.2757,44.2746],[146.2767,44.2743],[146.2782,44.2741],[146.279,44.2741],[146.2799,44.2743],[146.2811,44.2749],[146.2815,44.275],[146.2841,44.2753],[146.2847,44.2754],[146.2851,44.2757],[146.2856,44.2763],[146.2865,44.2766],[146.2875,44.2765],[146.2884,44.276],[146.2901,44.2752],[146.2906,44.2751],[146.2915,44.2752],[146.2926,44.2751],[146.2936,44.2753],[146.2946,44.2752],[146.2954,44.2755],[146.2961,44.2757],[146.2966,44.2761],[146.297,44.2769],[146.2974,44.2774],[146.2985,44.278],[146.2992,44.2781],[146.2997,44.2784],[146.2998,44.2788],[146.2992,44.279],[146.2991,44.2794],[146.2991,44.2803],[146.2992,44.281],[146.2995,44.2817],[146.3007,44.2835],[146.3012,44.2841],[146.3018,44.2847],[146.3019,44.2853],[146.3021,44.2856],[146.3029,44.286],[146.3035,44.2863],[146.3041,44.2867],[146.3046,44.287],[146.3056,44.2891],[146.3065,44.2897],[146.3069,44.29],[146.3078,44.2902],[146.3099,44.2904],[146.3111,44.2904],[146.3129,44.2908],[146.3136,44.2911],[146.314,44.2914],[146.3148,44.2924],[146.315,44.2929],[146.3152,44.2936],[146.3156,44.2945],[146.3157,44.2952],[146.316,44.2955],[146.3166,44.296],[146.3178,44.2966],[146.3187,44.2968],[146.3208,44.2966],[146.3214,44.2965],[146.3223,44.2963],[146.3231,44.2961],[146.3235,44.296],[146.3241,44.2962],[146.3249,44.2965],[146.3258,44.2964],[146.3267,44.2965],[146.3276,44.2965],[146.3282,44.2966],[146.3286,44.297],[146.3288,44.2973],[146.3288,44.2981],[146.3283,44.2993],[146.3274,44.3007],[146.3275,44.3014],[146.328,44.3018],[146.3288,44.3021],[146.3296,44.3028],[146.3311,44.3046],[146.3321,44.3055],[146.3323,44.3064],[146.3328,44.3074],[146.3333,44.3077],[146.3342,44.3076],[146.3346,44.3077],[146.335,44.3079],[146.3352,44.3082],[146.3356,44.3084],[146.337,44.3086],[146.3375,44.3085],[146.3382,44.3086],[146.3395,44.3084],[146.3404,44.3085],[146.3408,44.3086],[146.3414,44.3089],[146.3418,44.309],[146.3422,44.3089],[146.343,44.3091],[146.3432,44.3094],[146.3432,44.31],[146.343,44.3101],[146.343,44.3106],[146.3422,44.3108],[146.3421,44.3111],[146.3426,44.3116],[146.3434,44.3119],[146.3435,44.3121],[146.3434,44.3127],[146.3435,44.3132],[146.3426,44.3133],[146.3428,44.3139],[146.3431,44.314],[146.3439,44.3142],[146.3445,44.3145],[146.3444,44.3148],[146.3438,44.3149],[146.3438,44.3151],[146.3442,44.3154],[146.3438,44.316],[146.3436,44.3163],[146.3439,44.3169],[146.3458,44.3181],[146.3462,44.3182],[146.3477,44.3193],[146.3489,44.32],[146.3496,44.3204],[146.3504,44.3205],[146.3512,44.3204],[146.3525,44.3203],[146.3559,44.3195],[146.3567,44.3195],[146.3574,44.3196],[146.359,44.3204],[146.3598,44.3203],[146.3612,44.3201],[146.3632,44.319],[146.3641,44.3186],[146.3649,44.318],[146.365,44.3176],[146.3655,44.3178],[146.3655,44.3185],[146.3656,44.3187],[146.3663,44.3191],[146.3669,44.3198],[146.3674,44.3208],[146.368,44.3213],[146.3688,44.3212],[146.3696,44.3214],[146.37,44.3217],[146.37,44.322],[146.3697,44.3222],[146.368,44.3227],[146.367,44.3229],[146.3655,44.3233],[146.3649,44.3236],[146.3642,44.3241],[146.3631,44.3253],[146.3626,44.326],[146.3623,44.3267],[146.3623,44.3271],[146.3628,44.3279],[146.3632,44.3282],[146.3641,44.3287],[146.3655,44.3296],[146.3668,44.3299],[146.3673,44.33],[146.3675,44.3304],[146.3673,44.3313],[146.3673,44.3322],[146.3667,44.3335],[146.3663,44.3339],[146.3653,44.3348],[146.3652,44.3353],[146.3654,44.3358],[146.3657,44.337],[146.3661,44.3382],[146.3674,44.3397],[146.3677,44.3399],[146.3678,44.3404],[146.3687,44.3416],[146.37,44.3431],[146.3707,44.3437],[146.3712,44.3443],[146.3716,44.3449],[146.3724,44.3457],[146.3731,44.3463],[146.3739,44.3466],[146.3744,44.347],[146.375,44.347],[146.3752,44.3474],[146.3757,44.3476],[146.3757,44.3481],[146.3759,44.3485],[146.377,44.3496],[146.3776,44.3503],[146.3794,44.3519],[146.3815,44.3536],[146.3827,44.3545],[146.3834,44.3551],[146.3844,44.3562],[146.3851,44.3568],[146.3869,44.3581],[146.3874,44.3586],[146.3885,44.3594],[146.3914,44.3611],[146.3931,44.3621],[146.3938,44.3624],[146.3946,44.3627],[146.3956,44.3631],[146.397,44.3636],[146.398,44.3641],[146.4006,44.3649],[146.4024,44.3653],[146.403,44.3655],[146.4047,44.366],[146.4057,44.3661],[146.4066,44.3666],[146.4082,44.3673],[146.4104,44.368],[146.4118,44.3687],[146.4131,44.3692],[146.4154,44.3702],[146.4172,44.3709],[146.4193,44.3719],[146.4198,44.3722],[146.424,44.3738],[146.4256,44.3744],[146.4267,44.3747],[146.4315,44.3759],[146.4347,44.3766],[146.4365,44.3769],[146.4383,44.3772],[146.4415,44.3775],[146.4432,44.3776],[146.4443,44.3776],[146.4465,44.3777],[146.4487,44.3777],[146.451,44.3775],[146.4524,44.3773],[146.4535,44.3771],[146.4554,44.3764],[146.4557,44.3759],[146.4561,44.3758],[146.4577,44.3756],[146.4587,44.3752],[146.4592,44.3749],[146.4597,44.3743],[146.46,44.3742],[146.4607,44.374],[146.4615,44.3737],[146.4627,44.373],[146.4632,44.3726],[146.4636,44.3718],[146.4643,44.3706],[146.4651,44.3688],[146.4655,44.3684],[146.4667,44.368],[146.468,44.3678],[146.4696,44.3674],[146.4721,44.3662],[146.4731,44.3654],[146.4749,44.364],[146.476,44.3635],[146.4767,44.3628],[146.4776,44.3615],[146.4782,44.3607],[146.4795,44.3597],[146.4805,44.3586],[146.4809,44.3582],[146.4813,44.3579],[146.4824,44.3576],[146.4846,44.3567],[146.4852,44.3564],[146.4858,44.3558],[146.4858,44.3554],[146.485,44.3545],[146.4845,44.3537],[146.4844,44.3534],[146.4848,44.3524],[146.4851,44.3521],[146.4857,44.352],[146.4869,44.3523],[146.4871,44.3526],[146.4871,44.3533],[146.4874,44.3538],[146.4881,44.354],[146.4895,44.3539],[146.4907,44.354],[146.492,44.3545],[146.4929,44.3552],[146.493,44.3555],[146.4928,44.3559],[146.4928,44.3565],[146.4929,44.3574],[146.4934,44.3584],[146.4943,44.3593],[146.495,44.3596],[146.496,44.3596],[146.4964,44.3597],[146.4969,44.3601],[146.4971,44.3605],[146.4966,44.3611],[146.4966,44.3618],[146.497,44.3625],[146.4974,44.3629],[146.4981,44.3635],[146.4987,44.3638],[146.5006,44.3645],[146.501,44.3651],[146.5015,44.3657],[146.5019,44.3659],[146.5029,44.3661],[146.5045,44.3663],[146.5053,44.3669],[146.5062,44.3669],[146.5066,44.3671],[146.5071,44.3683],[146.5074,44.3685],[146.5081,44.3687],[146.5084,44.3686],[146.5095,44.3678],[146.5102,44.3676],[146.5108,44.3679],[146.5122,44.368],[146.5127,44.3679],[146.5137,44.3675],[146.5144,44.3674],[146.5156,44.3678],[146.5162,44.3682],[146.5164,44.3687],[146.5161,44.3691],[146.516,44.3696],[146.5164,44.3701],[146.5165,44.3706],[146.5163,44.3707],[146.5166,44.3715],[146.5166,44.3718],[146.5164,44.3724],[146.5163,44.3729],[146.5165,44.3732],[146.517,44.3738],[146.5187,44.3751],[146.5192,44.3752],[146.5198,44.3753],[146.5205,44.375],[146.5215,44.3748],[146.5222,44.3745],[146.5227,44.3741],[146.5239,44.3741],[146.5243,44.3742],[146.5246,44.3747],[146.5254,44.3754],[146.5255,44.3763],[146.5258,44.3772],[146.5261,44.3774],[146.5266,44.3776],[146.5283,44.3775],[146.5287,44.3776],[146.5303,44.3782],[146.5316,44.3788],[146.5322,44.3792],[146.5328,44.3798],[146.5333,44.3799],[146.5337,44.3803],[146.5336,44.3806],[146.5331,44.381],[146.5331,44.3812],[146.5332,44.3822],[146.5327,44.3827],[146.5324,44.3832],[146.5323,44.3837],[146.5322,44.385],[146.5325,44.3858],[146.5324,44.3862],[146.5327,44.3866],[146.5331,44.3869],[146.533,44.3884],[146.5332,44.3894],[146.5332,44.3901],[146.5337,44.3911],[146.534,44.3915],[146.5339,44.3927],[146.5341,44.3932],[146.5346,44.3944],[146.5354,44.3951],[146.5361,44.3955],[146.5366,44.3959],[146.5371,44.3971],[146.5383,44.3987],[146.5385,44.3993],[146.538,44.4006],[146.5381,44.4013],[146.5386,44.4025],[146.5389,44.4031],[146.5396,44.4036],[146.5404,44.4041],[146.5411,44.4046],[146.5425,44.4059],[146.5436,44.4065],[146.5443,44.407],[146.5446,44.4075],[146.5447,44.4078],[146.5445,44.4084],[146.5446,44.409],[146.5449,44.4095],[146.546,44.411],[146.5462,44.4116],[146.5465,44.4125],[146.5465,44.4127],[146.5467,44.414],[146.5469,44.4147],[146.5473,44.4151],[146.5478,44.4155],[146.5481,44.416],[146.5489,44.4183],[146.5489,44.4189],[146.5492,44.4194],[146.5498,44.42],[146.5498,44.4208],[146.5496,44.4213],[146.5492,44.422],[146.5493,44.4225],[146.5496,44.4234],[146.5505,44.4251],[146.5514,44.4271],[146.5522,44.4283],[146.5533,44.4299],[146.5541,44.4309],[146.5551,44.4326],[146.5557,44.4334],[146.5565,44.4344],[146.5592,44.4378],[146.5609,44.4398],[146.5617,44.4405],[146.5627,44.442],[146.5642,44.4433],[146.5652,44.4446],[146.5661,44.446],[146.5675,44.4475],[146.5683,44.4483],[146.5686,44.4488],[146.5693,44.4495],[146.5699,44.4501],[146.5709,44.4513],[146.5709,44.4518],[146.5714,44.4527],[146.5719,44.4532],[146.5726,44.4537],[146.5739,44.455],[146.5751,44.4554],[146.5758,44.4553],[146.5762,44.455],[146.5772,44.4547],[146.5774,44.4549],[146.5768,44.4552],[146.5765,44.4556],[146.5763,44.456],[146.5759,44.4561],[146.5754,44.4558],[146.5733,44.4555],[146.5726,44.4553],[146.572,44.4545],[146.5709,44.4534],[146.5706,44.4532],[146.5693,44.4531],[146.5688,44.4529],[146.5688,44.4523],[146.5667,44.4513],[146.5646,44.4504],[146.5628,44.4494],[146.5614,44.4483],[146.5605,44.4479],[146.5584,44.4472],[146.5574,44.4469],[146.5565,44.4467],[146.5553,44.4468],[146.5549,44.4466],[146.5539,44.4464],[146.552,44.4458],[146.5514,44.4455],[146.5509,44.4449],[146.5509,44.444],[146.5512,44.4436],[146.551,44.4428],[146.5512,44.442],[146.551,44.4414],[146.5507,44.4409],[146.5493,44.4395],[146.5472,44.4379],[146.5456,44.437],[146.5431,44.436],[146.5419,44.4354],[146.5406,44.435],[146.5386,44.4344],[146.5371,44.4338],[146.5364,44.4336],[146.5343,44.4328],[146.5336,44.4327],[146.53,44.4316],[146.5287,44.4312],[146.5258,44.4304],[146.5244,44.4301],[146.5239,44.43],[146.5228,44.4297],[146.52,44.4292],[146.5165,44.4282],[146.5157,44.4279],[146.5139,44.4276],[146.5109,44.4269],[146.5096,44.4267],[146.5087,44.4264],[146.5065,44.426],[146.5057,44.426],[146.5034,44.4256],[146.499,44.4247],[146.4962,44.4243],[146.4939,44.424],[146.493,44.4238],[146.4894,44.4232],[146.4874,44.4229],[146.4862,44.4226],[146.4852,44.4225],[146.4828,44.4222],[146.4814,44.4219],[146.4796,44.4217],[146.4777,44.4213],[146.4767,44.4211],[146.4746,44.4209],[146.4737,44.4208],[146.4722,44.4205],[146.4707,44.4203],[146.4699,44.4203],[146.4676,44.4203],[146.4651,44.4201],[146.4625,44.4198],[146.4601,44.4195],[146.459,44.4193],[146.4578,44.4193],[146.4547,44.4193],[146.4524,44.4192],[146.4505,44.4192],[146.4496,44.4191],[146.4475,44.4188],[146.4464,44.4188],[146.4449,44.4189],[146.4434,44.4191],[146.4426,44.4191],[146.4405,44.4188],[146.4394,44.4189],[146.4377,44.4189],[146.4352,44.4191],[146.4333,44.4194],[146.4326,44.419],[146.4314,44.4193],[146.4305,44.4191],[146.4297,44.4191],[146.4289,44.4192],[146.4261,44.4196],[146.4252,44.4197],[146.4238,44.4197],[146.4219,44.4199],[146.4212,44.42],[146.42,44.4201],[146.4179,44.4202],[146.4163,44.4206],[146.4155,44.4208],[146.4147,44.4212],[146.4141,44.4212],[146.4127,44.421],[146.4115,44.4207],[146.4111,44.4207],[146.4096,44.4208],[146.4092,44.4208],[146.4079,44.4212],[146.4071,44.4213],[146.4057,44.421],[146.4038,44.4209],[146.4028,44.4211],[146.4023,44.4209],[146.4009,44.421],[146.3997,44.4213],[146.3975,44.422],[146.3969,44.4219],[146.3951,44.4216],[146.3937,44.4212],[146.3931,44.421],[146.3923,44.4209],[146.3906,44.4207],[146.3888,44.4206],[146.388,44.4205],[146.3858,44.4201],[146.3845,44.42],[146.381,44.4195],[146.3796,44.4194],[146.3755,44.4191],[146.3743,44.419],[146.3707,44.4186],[146.3685,44.4183],[146.3669,44.4181],[146.365,44.418],[146.3642,44.418],[146.3627,44.4178],[146.3609,44.4173],[146.3589,44.4175],[146.3577,44.4173],[146.3566,44.4172],[146.355,44.4173],[146.3537,44.417],[146.3529,44.417],[146.3519,44.417],[146.3502,44.4173],[146.3488,44.4171],[146.3473,44.4171],[146.346,44.4171],[146.3449,44.4171],[146.3429,44.4172],[146.3415,44.4173],[146.3396,44.4173],[146.3377,44.4174],[146.337,44.4175],[146.3343,44.418],[146.333,44.4185],[146.3321,44.4192],[146.332,44.4196],[146.3323,44.4205],[146.3323,44.4211],[146.3319,44.4222],[146.3311,44.4228],[146.3294,44.4237],[146.3288,44.4238],[146.3275,44.424],[146.3263,44.4244],[146.3258,44.4245],[146.3256,44.4249],[146.3253,44.4251],[146.3246,44.4251],[146.3236,44.4257],[146.3232,44.4257],[146.3226,44.4256],[146.3223,44.4258],[146.3211,44.426],[146.3207,44.4257],[146.3201,44.4258],[146.3195,44.4258],[146.3185,44.4253],[146.3181,44.4253],[146.317,44.4256],[146.3166,44.4258],[146.3164,44.4261],[146.3161,44.4268],[146.3158,44.4272],[146.315,44.4277],[146.3142,44.4282],[146.3128,44.4286],[146.3115,44.4286],[146.3104,44.4284],[146.3099,44.4282],[146.3088,44.4275],[146.3081,44.4275],[146.3063,44.4279],[146.3057,44.4283],[146.3051,44.4293],[146.3048,44.4296],[146.3046,44.4301],[146.3042,44.4304],[146.3037,44.4307],[146.3028,44.431],[146.3012,44.4311],[146.3009,44.4311],[146.2996,44.4312],[146.2978,44.4315],[146.2958,44.4318],[146.2949,44.4316],[146.2942,44.4317],[146.2935,44.4318],[146.2926,44.4322],[146.2916,44.4328],[146.2908,44.4329],[146.2869,44.4338],[146.2853,44.434],[146.2833,44.4345],[146.2823,44.4349],[146.2814,44.4354],[146.2801,44.4368],[146.2797,44.4376],[146.2794,44.4383],[146.2794,44.4397],[146.2792,44.4399],[146.2787,44.44],[146.2787,44.4402],[146.2795,44.4404],[146.2797,44.4406],[146.2797,44.4411],[146.2808,44.4418],[146.281,44.4421],[146.2806,44.4427],[146.2797,44.4428],[146.2793,44.4432],[146.279,44.4431],[146.2784,44.4426],[146.278,44.4424],[146.2779,44.4427],[146.2787,44.4431],[146.2784,44.4435],[146.278,44.4431],[146.2774,44.443],[146.2769,44.4432],[146.2765,44.4433],[146.2762,44.4431],[146.2753,44.4431],[146.2754,44.4436],[146.2747,44.4435],[146.2741,44.4436],[146.2737,44.4439],[146.2733,44.4438],[146.2727,44.4437],[146.2722,44.444],[146.2715,44.444],[146.2714,44.4442],[146.271,44.4442],[146.2704,44.4445],[146.27,44.4444],[146.27,44.4439],[146.2696,44.4435],[146.2672,44.4429],[146.2662,44.4428],[146.2649,44.4428],[146.263,44.4432],[146.2612,44.4438],[146.2602,44.4443],[146.2593,44.4448],[146.2581,44.4459],[146.2578,44.4465],[146.2579,44.4469],[146.2586,44.448],[146.2588,44.4485],[146.2591,44.4491],[146.2587,44.4492],[146.2582,44.4491],[146.2581,44.4487],[146.2574,44.4488],[146.2569,44.4491],[146.2568,44.4499],[146.2571,44.4503],[146.2571,44.4506],[146.2566,44.451],[146.2565,44.4513],[146.2558,44.4518],[146.2549,44.4518],[146.254,44.4519],[146.2534,44.4519],[146.2522,44.452],[146.2509,44.4517],[146.2501,44.4517],[146.2487,44.4522],[146.2483,44.4528],[146.2476,44.4529],[146.2469,44.4526],[146.2461,44.4525],[146.2454,44.4525],[146.2441,44.4528],[146.243,44.4534],[146.241,44.4544],[146.2405,44.4547],[146.2401,44.4551],[146.2395,44.4554],[146.2387,44.4564],[146.238,44.4571],[146.2378,44.4575],[146.2378,44.4592],[146.2374,44.4597],[146.2368,44.4604],[146.2363,44.461],[146.2359,44.4614],[146.2352,44.4624],[146.2349,44.4632],[146.2338,44.4646],[146.2338,44.4661],[146.2337,44.4674],[146.2338,44.4679],[146.2337,44.4689],[146.2339,44.4693],[146.2342,44.4697],[146.2338,44.4703],[146.2331,44.4707],[146.2319,44.4718],[146.2305,44.4724],[146.2304,44.4726],[146.23,44.4734],[146.2299,44.4743],[146.2296,44.4748],[146.2293,44.4752],[146.2292,44.4756],[146.2287,44.4762],[146.2283,44.4765],[146.2282,44.4768],[146.2274,44.478],[146.2271,44.4791],[146.2275,44.4794],[146.2269,44.4796],[146.2268,44.4803],[146.2265,44.481],[146.2263,44.4812],[146.2264,44.4818],[146.226,44.4821],[146.2251,44.4821],[146.225,44.4825],[146.2244,44.4829],[146.224,44.483],[146.2237,44.4827],[146.2236,44.4823],[146.2229,44.4826],[146.222,44.4828],[146.2214,44.4832],[146.2215,44.4837],[146.221,44.484],[146.2204,44.4835],[146.22,44.4836],[146.2179,44.484],[146.2161,44.4846],[146.2154,44.4849],[146.2137,44.4857],[146.2117,44.4869],[146.2111,44.4875],[146.2109,44.4879],[146.2097,44.4889],[146.2086,44.489],[146.2076,44.4891],[146.2065,44.4894],[146.2044,44.4897],[146.2031,44.4902],[146.202,44.4903],[146.2001,44.491],[146.1986,44.4913],[146.1967,44.4922],[146.195,44.493],[146.194,44.4936],[146.1934,44.4942],[146.193,44.4948],[146.1925,44.496],[146.1921,44.4965],[146.1915,44.4969],[146.1902,44.4971],[146.1897,44.4976],[146.1898,44.498],[146.1901,44.4987],[146.1898,44.4995],[146.1894,44.5004],[146.1898,44.5006],[146.1896,44.501],[146.1897,44.5013],[146.19,44.5015],[146.1899,44.5018],[146.1888,44.5015],[146.189,44.502],[146.1887,44.5024],[146.1882,44.5026],[146.1873,44.5027],[146.1868,44.5032],[146.1867,44.5036],[146.1873,44.5042],[146.1872,44.5043],[146.1865,44.5039],[146.1862,44.5041],[146.1862,44.5051],[146.1864,44.5054],[146.1877,44.5053],[146.1877,44.5056],[146.1873,44.5056],[146.186,44.5059],[146.186,44.5063],[146.1856,44.5062],[146.1844,44.5063],[146.1846,44.506],[146.1851,44.506],[146.1854,44.5055],[146.1848,44.5052],[146.1837,44.505],[146.182,44.5051],[146.1812,44.5051],[146.1801,44.5053],[146.1786,44.5053],[146.1773,44.5052],[146.1765,44.5053],[146.1757,44.5054],[146.1746,44.5059],[146.1733,44.5075],[146.1725,44.5079],[146.1718,44.508],[146.1709,44.5085],[146.1694,44.5089],[146.1689,44.5094],[146.1688,44.5101],[146.1693,44.5117],[146.1697,44.5125],[146.17,44.513],[146.1717,44.5136],[146.173,44.5142],[146.1732,44.5145],[146.1729,44.5146],[146.1732,44.5154],[146.1729,44.5156],[146.173,44.5159],[146.1721,44.5157],[146.1715,44.5152],[146.171,44.5155],[146.1705,44.5154],[146.1701,44.5157],[146.1701,44.5159],[146.1707,44.5162],[146.1714,44.5168],[146.1711,44.5173],[146.1704,44.5172],[146.17,44.5168],[146.1692,44.5167],[146.1689,44.5166],[146.1685,44.5167],[146.1679,44.5165],[146.1671,44.5168],[146.1672,44.5175],[146.1667,44.5175],[146.1666,44.5177],[146.1666,44.5182],[146.1663,44.5181],[146.1663,44.5178],[146.1661,44.5173],[146.1663,44.5171],[146.1661,44.5166],[146.1656,44.5166],[146.1652,44.5161],[146.1653,44.5158],[146.1647,44.5157],[146.1647,44.5154],[146.1642,44.5152],[146.1636,44.5152],[146.1634,44.5149],[146.1628,44.5146],[146.1629,44.5144],[146.1622,44.5141],[146.1618,44.5141],[146.1614,44.5144],[146.1612,44.514],[146.1615,44.5138],[146.1615,44.5134],[146.1605,44.5124],[146.16,44.5121],[146.1591,44.5117],[146.1583,44.5117],[146.1576,44.5118],[146.1569,44.5118],[146.1562,44.512],[146.1561,44.5124],[146.1564,44.5125],[146.1559,44.513],[146.1551,44.5127],[146.1543,44.5129],[146.154,44.5132],[146.1544,44.5136],[146.1542,44.5139],[146.1538,44.5141],[146.153,44.514],[146.1531,44.5136],[146.1525,44.5137],[146.1519,44.5134],[146.1512,44.5136],[146.1513,44.5129],[146.1515,44.5127],[146.151,44.5124],[146.1507,44.5119],[146.1499,44.5111],[146.1491,44.5112],[146.1483,44.5117],[146.1481,44.5121],[146.1482,44.5124],[146.148,44.5127],[146.1472,44.5128],[146.1466,44.5125],[146.1464,44.5121],[146.1458,44.5122],[146.1459,44.5127],[146.1454,44.5124],[146.1445,44.5123],[146.1439,44.5124],[146.1434,44.5122],[146.1429,44.5117],[146.1421,44.5112],[146.1408,44.5108],[146.1397,44.5108],[146.138,44.5102],[146.1369,44.51],[146.1363,44.51],[146.1356,44.5098],[146.1345,44.5097],[146.1338,44.5095],[146.1329,44.5095],[146.1323,44.5092],[146.1316,44.509],[146.1309,44.5083],[146.1302,44.508],[146.1293,44.5079],[146.1293,44.5076],[146.1288,44.5072],[146.1282,44.507],[146.1279,44.5067],[146.1277,44.5061],[146.1274,44.5058],[146.1267,44.5054],[146.1262,44.5047],[146.1259,44.5041],[146.1255,44.5036],[146.1243,44.5027],[146.1236,44.5023],[146.1225,44.5014],[146.1218,44.5005],[146.1212,44.5001],[146.12,44.4996],[146.1189,44.4993],[146.1183,44.4994],[146.1169,44.4984],[146.1162,44.4977],[146.1158,44.4972],[146.1148,44.4966],[146.1145,44.4962],[146.1141,44.4959],[146.1133,44.4956],[146.1128,44.4952],[146.1127,44.4948],[146.1122,44.4943],[146.112,44.4938],[146.1117,44.4933],[146.1113,44.4931],[146.1112,44.4926],[146.1109,44.4921],[146.1104,44.4918],[146.1102,44.4914],[146.1096,44.491],[146.1089,44.4906],[146.1084,44.4902],[146.1078,44.4902],[146.1071,44.4898],[146.1066,44.4894],[146.1056,44.4891],[146.1043,44.4888],[146.1042,44.4886],[146.1037,44.4884],[146.1018,44.4881],[146.1009,44.4877],[146.0999,44.4876],[146.0999,44.4872],[146.0991,44.4867],[146.0989,44.4865],[146.098,44.4859],[146.0975,44.4853],[146.0958,44.4846],[146.095,44.4841],[146.0937,44.4837],[146.0933,44.4835],[146.0924,44.4827],[146.092,44.4821],[146.0917,44.4813],[146.0908,44.4804],[146.09,44.4799],[146.0887,44.4792],[146.0877,44.4782],[146.087,44.4773],[146.0865,44.4769],[146.0854,44.4764],[146.0839,44.4756],[146.0831,44.475],[146.0817,44.4741],[146.0818,44.4738],[146.0812,44.4732],[146.0807,44.4726],[146.0802,44.4724],[146.08,44.4719],[146.0792,44.4709],[146.079,44.4702],[146.0792,44.4692],[146.0796,44.4684],[146.0794,44.4676],[146.0791,44.4671],[146.0785,44.4664],[146.0777,44.4659],[146.0772,44.4651],[146.0772,44.4648],[146.0763,44.4634],[146.076,44.4625],[146.076,44.4615],[146.0757,44.4601],[146.0757,44.4596],[146.0752,44.4585],[146.0745,44.4579],[146.0745,44.4576],[146.0738,44.4567],[146.0733,44.4554],[146.0731,44.4545],[146.0728,44.4545],[146.0729,44.4541],[146.0724,44.4533],[146.072,44.4525],[146.0717,44.4516],[146.0718,44.4505],[146.0717,44.4499],[146.0713,44.4495],[146.0711,44.449],[146.0705,44.4482],[146.0704,44.4478],[146.0701,44.4473],[146.0695,44.4465],[146.0686,44.4457],[146.0685,44.4454],[146.0681,44.4449],[146.0681,44.4445],[146.0676,44.4438],[146.0677,44.4435],[146.0672,44.4426],[146.0669,44.4423],[146.0667,44.4417],[146.0664,44.4415],[146.0662,44.441],[146.0657,44.4408],[146.0653,44.4409],[146.0651,44.4405],[146.0652,44.44],[146.0644,44.4386],[146.0643,44.4378],[146.0639,44.4369],[146.0631,44.4357],[146.062,44.4345],[146.0609,44.4336],[146.0603,44.4333],[146.0602,44.4329],[146.0598,44.4324],[146.0595,44.4315],[146.059,44.4306],[146.0581,44.4294],[146.0572,44.4276],[146.0563,44.4265],[146.0557,44.4259],[146.055,44.4254],[146.0542,44.4245],[146.0539,44.4238],[146.0538,44.423],[146.0536,44.4223],[146.0535,44.4211],[146.0533,44.4205],[146.0519,44.4184],[146.0509,44.4176],[146.0503,44.4171],[146.049,44.4163],[146.0473,44.4151],[146.0459,44.4143],[146.0453,44.4136],[146.0448,44.413],[146.0433,44.4116],[146.0428,44.4108],[146.0422,44.4093],[146.0416,44.4084],[146.0412,44.4078],[146.0391,44.4062],[146.038,44.4053],[146.0373,44.4049],[146.0359,44.4042],[146.0344,44.4033],[146.0341,44.4029],[146.0335,44.4017],[146.0332,44.4013],[146.0331,44.4005],[146.0318,44.3997],[146.031,44.3992],[146.0299,44.3984],[146.0293,44.3983],[146.0281,44.3983],[146.0279,44.3987],[146.0276,44.398],[146.0271,44.3979],[146.0276,44.3975],[146.0279,44.3973],[146.028,44.3964],[146.0276,44.396],[146.0267,44.3958],[146.0264,44.3955],[146.0261,44.3949],[146.0255,44.3946],[146.0255,44.394],[146.0249,44.3937],[146.0248,44.3931],[146.024,44.3924],[146.0234,44.3922],[146.0239,44.3918],[146.0239,44.3911],[146.0235,44.3909],[146.0234,44.3905],[146.0226,44.39],[146.0214,44.3894],[146.0191,44.3886],[146.0178,44.3884],[146.0171,44.3885],[146.0173,44.388],[146.0169,44.3877],[146.0165,44.3878],[146.0163,44.387],[146.0163,44.3867],[146.0157,44.3867],[146.0155,44.3866],[146.0156,44.3863],[146.0152,44.3863],[146.015,44.3857],[146.0153,44.3854],[146.0148,44.3848],[146.0139,44.3844],[146.0133,44.3845],[146.0128,44.3844],[146.012,44.3839],[146.0114,44.3836],[146.0104,44.383],[146.0097,44.3831],[146.009,44.383],[146.0085,44.3829],[146.0079,44.3826],[146.0072,44.3821],[146.007,44.3815],[146.0066,44.3811],[146.0059,44.3803],[146.0058,44.3799],[146.006,44.3789],[146.0062,44.3783],[146.0068,44.3775],[146.0068,44.3768],[146.0074,44.3763],[146.008,44.3754],[146.0094,44.3743],[146.0099,44.3734],[146.01,44.3725],[146.0099,44.3716],[146.0095,44.3702],[146.0093,44.3694],[146.0086,44.3677],[146.0085,44.3669],[146.0081,44.3653],[146.0074,44.364],[146.0071,44.3635],[146.0069,44.3625],[146.0063,44.3618],[146.0057,44.3602],[146.0052,44.3589],[146.0051,44.3581],[146.0052,44.3574],[146.0052,44.3552],[146.0049,44.3543],[146.0049,44.3534],[146.0048,44.3531],[146.0042,44.3522],[146.0039,44.3511],[146.0035,44.3505],[146.0028,44.3492],[146.0023,44.3486],[146.0013,44.3479],[146.0009,44.3476],[146.0009,44.3469],[146.0016,44.3458],[146.0017,44.3453],[146.0017,44.3446],[146.0016,44.3437],[146.0012,44.3426],[146.0008,44.3419],[146.0007,44.3414],[146.0007,44.3401],[146.0012,44.3392],[146.0012,44.3389],[146.0008,44.3376],[146.0002,44.3363],[146,44.3359],[145.9992,44.3352],[145.9987,44.3346],[145.9981,44.334],[145.9971,44.3332],[145.9965,44.3327],[145.9955,44.3312],[145.9953,44.3307],[145.9954,44.3302],[145.9947,44.3285],[145.9939,44.3274],[145.9929,44.3265],[145.9925,44.326],[145.9918,44.3257],[145.9915,44.3254],[145.991,44.3242],[145.9911,44.3236],[145.9913,44.323],[145.9911,44.3223],[145.9905,44.3217],[145.9897,44.3214],[145.9893,44.3212],[145.9885,44.3197],[145.9879,44.3188],[145.987,44.3181],[145.986,44.3178],[145.9857,44.3172],[145.9852,44.3168],[145.9846,44.3161],[145.9832,44.3151],[145.9824,44.3146],[145.982,44.3142],[145.9812,44.3126],[145.9805,44.3117],[145.9794,44.3103],[145.979,44.3098],[145.9787,44.3095],[145.9777,44.3089],[145.9743,44.3065],[145.9731,44.3054],[145.9715,44.3044],[145.9694,44.3028],[145.9689,44.3021],[145.9683,44.3011],[145.9676,44.3001],[145.9675,44.2997],[145.9676,44.2989],[145.9673,44.2982],[145.967,44.2977],[145.9662,44.2967],[145.9656,44.2963],[145.9642,44.2956],[145.9628,44.2951],[145.9622,44.2948],[145.9615,44.2946],[145.9607,44.2948],[145.9601,44.2951],[145.9599,44.2949],[145.9595,44.294],[145.9594,44.2938],[145.9572,44.2922],[145.9567,44.2921],[145.9563,44.2925],[145.9555,44.2926],[145.9551,44.2924],[145.9541,44.2918],[145.9536,44.2902],[145.9527,44.2883],[145.9518,44.2872],[145.9515,44.2865],[145.9512,44.2856],[145.9508,44.2851],[145.9504,44.2851],[145.9499,44.2848],[145.949,44.2835],[145.9486,44.2826],[145.9481,44.2819],[145.9481,44.2811],[145.9478,44.2807],[145.9473,44.2802],[145.9465,44.2792],[145.9461,44.2789],[145.9453,44.2785],[145.9438,44.278],[145.9428,44.2776],[145.9413,44.2776],[145.94,44.2777],[145.9386,44.2783],[145.9382,44.2784],[145.9372,44.2784],[145.9367,44.2784],[145.9361,44.2787],[145.9357,44.2788],[145.9352,44.2785],[145.9346,44.2783],[145.9342,44.2777],[145.9332,44.277],[145.9315,44.2763],[145.9305,44.276],[145.9295,44.2752],[145.9284,44.2748],[145.9276,44.2741],[145.9273,44.2735],[145.9271,44.2733],[145.9257,44.2727],[145.9244,44.272],[145.9236,44.2717],[145.9233,44.2714],[145.9232,44.271],[145.9235,44.2706],[145.9234,44.2703],[145.9227,44.2698],[145.9225,44.2697],[145.9213,44.2694],[145.9202,44.269],[145.9195,44.2685],[145.9182,44.2679],[145.9176,44.2678],[145.9165,44.267],[145.9162,44.2662],[145.9157,44.2659],[145.9147,44.2657],[145.914,44.2655],[145.9132,44.265],[145.9119,44.2645],[145.911,44.2642],[145.9104,44.2635],[145.9101,44.2633],[145.9096,44.2626],[145.9086,44.2628],[145.9083,44.2627],[145.9082,44.2623],[145.9086,44.2615],[145.9083,44.2612],[145.9079,44.261],[145.9071,44.2607],[145.9065,44.2607],[145.9058,44.2607],[145.9052,44.2606],[145.9049,44.2604],[145.9043,44.2598],[145.9034,44.2594],[145.9026,44.2595],[145.9024,44.2594],[145.9012,44.2594],[145.9005,44.2589],[145.9004,44.2585],[145.9,44.2579],[145.8995,44.2581],[145.899,44.2579],[145.8989,44.2575],[145.8992,44.257],[145.899,44.2569],[145.897,44.2557],[145.8959,44.2551],[145.8952,44.2543],[145.8944,44.2538],[145.8939,44.2531],[145.8927,44.253],[145.8924,44.2527],[145.8916,44.2519],[145.8913,44.2517],[145.8906,44.2518],[145.8893,44.2516],[145.8889,44.2514],[145.8876,44.2497],[145.8868,44.249],[145.8858,44.2477],[145.8851,44.246],[145.8842,44.2442],[145.8836,44.2428],[145.8828,44.2417],[145.8818,44.2408],[145.8807,44.2397],[145.88,44.2386],[145.8783,44.2366],[145.8778,44.236],[145.8772,44.2351],[145.8769,44.2348],[145.8758,44.2339],[145.8746,44.2328],[145.8737,44.2316],[145.872,44.2299],[145.8717,44.2294],[145.8713,44.2282],[145.8711,44.2278],[145.8703,44.2273],[145.8669,44.2258],[145.8664,44.2253],[145.8664,44.2247],[145.8663,44.2243],[145.8659,44.2237],[145.8654,44.2233],[145.8646,44.2229],[145.8641,44.2227],[145.8631,44.2219],[145.8624,44.221],[145.862,44.2203],[145.8612,44.2197],[145.861,44.2194],[145.8609,44.2185],[145.8607,44.2177],[145.86,44.2167],[145.8592,44.215],[145.8592,44.2145],[145.8586,44.2125],[145.8576,44.2104],[145.8569,44.2084],[145.8567,44.2078],[145.8567,44.2064],[145.8566,44.2055],[145.856,44.2035],[145.8559,44.2035],[145.8554,44.2022],[145.8552,44.2018],[145.8546,44.2008],[145.8538,44.2],[145.8528,44.1995],[145.8522,44.1991],[145.8515,44.1984],[145.8505,44.1967],[145.8504,44.1965],[145.8491,44.1956],[145.8476,44.1945],[145.8466,44.194],[145.8461,44.1936],[145.8455,44.1933],[145.8448,44.1926],[145.8444,44.192],[145.8434,44.1908],[145.8424,44.1889],[145.8416,44.1877],[145.8406,44.1866],[145.84,44.1862],[145.8393,44.1855],[145.8391,44.1852],[145.8385,44.1837],[145.8382,44.1833],[145.8375,44.1824],[145.8354,44.1812],[145.8344,44.1802],[145.8336,44.1796],[145.8321,44.1789],[145.8313,44.1787],[145.8305,44.1782],[145.8299,44.1776],[145.8293,44.1766],[145.8287,44.176],[145.8273,44.175],[145.8265,44.1742],[145.8256,44.1736],[145.8241,44.1721],[145.8234,44.1713],[145.8227,44.1706],[145.8212,44.1691],[145.8211,44.1689],[145.8199,44.1678],[145.8191,44.1673],[145.8189,44.1668],[145.8183,44.1662],[145.8178,44.1658],[145.8159,44.1646],[145.8147,44.164],[145.8131,44.1634],[145.8117,44.1627],[145.8102,44.1621],[145.8095,44.1617],[145.8085,44.161],[145.8081,44.1607],[145.8072,44.1596],[145.8067,44.1593],[145.8056,44.1591],[145.8043,44.1587],[145.8035,44.1583],[145.8026,44.1582],[145.8014,44.1578],[145.8002,44.1575],[145.7995,44.1568],[145.7989,44.1562],[145.7986,44.1558],[145.7978,44.1554],[145.7967,44.1549],[145.7953,44.1542],[145.7945,44.154],[145.7936,44.1531],[145.7934,44.1528],[145.793,44.1514],[145.7926,44.1509],[145.7913,44.1505],[145.7902,44.1506],[145.7894,44.1506],[145.7881,44.1499],[145.7877,44.1488],[145.7877,44.1483],[145.7879,44.1476],[145.7878,44.146],[145.7872,44.1447],[145.7871,44.1443],[145.7869,44.1438],[145.7854,44.1424],[145.7854,44.1423],[145.7839,44.1411],[145.7835,44.1403],[145.7834,44.1403],[145.7832,44.1395],[145.7829,44.1393],[145.7818,44.1382],[145.7814,44.138],[145.7805,44.137],[145.7801,44.1366],[145.7797,44.136],[145.7797,44.1358],[145.7789,44.1349],[145.7778,44.1339],[145.7769,44.1333],[145.7768,44.1332],[145.7761,44.1328],[145.7752,44.1323],[145.7748,44.1322],[145.774,44.1318],[145.7728,44.1311],[145.7719,44.1309],[145.7715,44.1307],[145.7708,44.1302],[145.7706,44.1299],[145.7697,44.1296],[145.7696,44.1294],[145.7699,44.1289],[145.7696,44.1279],[145.7693,44.1276],[145.7687,44.1272],[145.7675,44.1263],[145.7672,44.1261],[145.767,44.1257],[145.7669,44.1247],[145.7665,44.1236],[145.7658,44.1223],[145.765,44.1213],[145.7641,44.1206],[145.7633,44.1201],[145.759,44.1181],[145.758,44.1174],[145.7575,44.117],[145.7575,44.1164],[145.7575,44.1154],[145.757,44.1143],[145.7564,44.1138],[145.7556,44.1129],[145.7551,44.1122],[145.7547,44.1113],[145.7542,44.1099],[145.7539,44.1094],[145.7527,44.1083],[145.7508,44.1071],[145.7498,44.1066],[145.7495,44.1062],[145.7493,44.1055],[145.749,44.1053],[145.7484,44.1051],[145.7469,44.1049],[145.7452,44.1048],[145.7443,44.1046],[145.744,44.1042],[145.744,44.1033],[145.7439,44.1027],[145.7434,44.1015],[145.7433,44.1009],[145.7431,44.0996],[145.7427,44.0979],[145.7424,44.0966],[145.7424,44.0955],[145.7425,44.094],[145.7425,44.092],[145.7426,44.0914],[145.743,44.0906],[145.7438,44.0893],[145.7444,44.0879],[145.7452,44.086],[145.7456,44.0849],[145.7459,44.0835],[145.7461,44.0817],[145.7462,44.0811],[145.7461,44.0804],[145.7462,44.0799],[145.7461,44.0786],[145.7457,44.0779],[145.745,44.0771],[145.7449,44.0766],[145.7455,44.0751],[145.7459,44.0744],[145.7472,44.073],[145.7472,44.0728],[145.7481,44.0719],[145.7483,44.0714],[145.7479,44.0701],[145.7472,44.0681],[145.747,44.0674],[145.747,44.0656],[145.7471,44.0638],[145.7486,44.0644],[145.7489,44.0644],[145.7496,44.0643],[145.7758,44.0663],[145.7763,44.0666],[145.7768,44.0673],[145.7771,44.068],[145.7771,44.0683],[145.7765,44.0727],[145.7765,44.0738],[145.7768,44.0747],[145.7816,44.0821],[145.7821,44.0829],[145.7822,44.0834],[145.7832,44.091],[145.7836,44.0934],[145.7839,44.0942],[145.7846,44.0957],[145.7859,44.097],[145.7874,44.0982],[145.7897,44.0998],[145.7911,44.1005],[145.793,44.1013],[145.7956,44.1023],[145.795,44.103],[145.7946,44.1033],[145.7944,44.1039],[145.7942,44.1054],[145.794,44.106],[145.7941,44.1067],[145.7944,44.1072],[145.7955,44.108],[145.7965,44.1088],[145.7971,44.1096],[145.7997,44.1142],[145.8003,44.1146],[145.8008,44.1147],[145.8038,44.1139],[145.8053,44.1136],[145.8064,44.1137],[145.8069,44.1139],[145.8078,44.1147],[145.8084,44.1153],[145.8086,44.1154],[145.8104,44.1156],[145.8116,44.1154],[145.8123,44.1154],[145.8132,44.1159],[145.8137,44.1165],[145.8141,44.1167],[145.8154,44.1167],[145.8161,44.1169],[145.8166,44.1168],[145.8177,44.1161],[145.8194,44.116],[145.823,44.116],[145.825,44.1159],[145.8273,44.116],[145.8276,44.1159],[145.8299,44.1149],[145.8313,44.1144],[145.8321,44.1142],[145.8326,44.1141],[145.8344,44.1144],[145.8359,44.1152],[145.838,44.116],[145.8383,44.116],[145.8398,44.1155],[145.8403,44.1151],[145.8418,44.1147],[145.8421,44.1144],[145.8422,44.1131],[145.8427,44.1129],[145.8443,44.1125],[145.8449,44.112],[145.846,44.1107],[145.8474,44.1112],[145.8487,44.112],[145.8498,44.1127],[145.8508,44.113],[145.8516,44.113],[145.8843,44.1071],[145.885,44.1063],[145.8854,44.1052],[145.8857,44.1038],[145.8859,44.1035],[145.8868,44.1023],[145.8873,44.1015],[145.888,44.1004],[145.8886,44.0996],[145.8891,44.0994],[145.8901,44.0991],[145.8902,44.0986],[145.8897,44.0979],[145.8897,44.0974],[145.8905,44.0962],[145.8906,44.0956],[145.8901,44.0951],[145.8902,44.0946],[145.8907,44.0945]]],[[[146.0505,44.1807],[146.0499,44.1809],[146.0495,44.1813],[146.049,44.1814],[146.0484,44.1814],[146.0478,44.181],[146.0479,44.1805],[146.0478,44.1804],[146.0483,44.1799],[146.0485,44.1795],[146.0489,44.1792],[146.0501,44.1789],[146.0506,44.1789],[146.051,44.1791],[146.0506,44.1798],[146.0505,44.1801],[146.0508,44.1804],[146.0505,44.1807]]],[[[146.5825,44.4584],[146.5829,44.4584],[146.5837,44.4589],[146.5841,44.4597],[146.585,44.4606],[146.5847,44.4609],[146.5842,44.4606],[146.5837,44.4601],[146.5829,44.4595],[146.5828,44.4591],[146.5824,44.4585],[146.5825,44.4584]]],[[[146.0489,44.1859],[146.0481,44.1865],[146.0477,44.1865],[146.0474,44.1864],[146.047,44.186],[146.0469,44.1856],[146.0471,44.1853],[146.0475,44.1852],[146.0486,44.1853],[146.0489,44.1855],[146.0489,44.1859]]],[[[145.9043,44.1106],[145.9046,44.111],[145.905,44.1112],[145.9047,44.1115],[145.9044,44.1116],[145.9039,44.1115],[145.903,44.1118],[145.9025,44.1118],[145.9023,44.1116],[145.9025,44.1113],[145.9031,44.111],[145.9035,44.1107],[145.9041,44.1107],[145.9043,44.1106]]],[[[145.9046,44.1055],[145.9049,44.1057],[145.903,44.1063],[145.9026,44.1063],[145.9024,44.106],[145.9034,44.1056],[145.9035,44.1054],[145.9045,44.1053],[145.9046,44.1055]]],[[[146.4064,44.4223],[146.4059,44.4219],[146.406,44.4215],[146.4068,44.422],[146.4082,44.4223],[146.4083,44.4225],[146.4079,44.4228],[146.4074,44.4227],[146.4064,44.4223]]],[[[145.7448,44.0725],[145.7446,44.0727],[145.7439,44.0726],[145.7437,44.072],[145.7442,44.0715],[145.7446,44.0715],[145.745,44.0721],[145.7448,44.0725]]],[[[146.1736,44.5082],[146.173,44.5081],[146.1735,44.5077],[146.1743,44.5075],[146.1741,44.5079],[146.1736,44.5082]]],[[[146.1691,44.5177],[146.1686,44.5179],[146.1685,44.5171],[146.1689,44.5169],[146.1694,44.517],[146.1696,44.5172],[146.1694,44.5176],[146.1691,44.5177]]],[[[146.0077,44.3832],[146.0071,44.3836],[146.0065,44.3836],[146.0063,44.3835],[146.0072,44.383],[146.0073,44.3827],[146.008,44.383],[146.0077,44.3832]]],[[[146.0344,44.4036],[146.0349,44.4039],[146.0345,44.4042],[146.034,44.4039],[146.0337,44.4035],[146.0337,44.4032],[146.0339,44.4031],[146.0344,44.4036]]],[[[146.258,44.2665],[146.257,44.267],[146.2568,44.2667],[146.2569,44.2663],[146.2572,44.2662],[146.258,44.2665]]],[[[146.4139,44.4223],[146.4139,44.4226],[146.4136,44.4231],[146.413,44.4229],[146.4135,44.4225],[146.4139,44.4223]]],[[[146.0331,44.4021],[146.0335,44.4023],[146.0333,44.4025],[146.0323,44.402],[146.0327,44.4018],[146.0331,44.4021]]],[[[145.9045,44.116],[145.9042,44.1159],[145.9041,44.1156],[145.9045,44.1155],[145.9049,44.1156],[145.9049,44.1159],[145.9045,44.116]]],[[[145.9068,44.1129],[145.9067,44.1133],[145.9063,44.1133],[145.9062,44.113],[145.9068,44.1129]]],[[[146.5894,44.4653],[146.5892,44.4654],[146.5888,44.4653],[146.5888,44.4649],[146.5894,44.4653]]],[[[145.7547,44.1126],[145.7545,44.1122],[145.755,44.1122],[145.7551,44.1125],[145.7547,44.1126]]],[[[145.904,44.115],[145.9038,44.1153],[145.9033,44.1152],[145.9034,44.1149],[145.904,44.115]]],[[[146.1931,44.4978],[146.1926,44.4978],[146.1928,44.4974],[146.1933,44.4976],[146.1931,44.4978]]]]},"properties":{"name":"留夜別村","code":"01697"}},
{"type":"Feature","geometry":{"type":"MultiPolygon","coordinates":[[[[147.7213,45.1734],[147.7203,45.1723],[147.72,45.172],[147.7183,45.1709],[147.717,45.1704],[147.7162,45.17],[147.7143,45.1695],[147.7138,45.1692],[147.7126,45.1689],[147.7112,45.1684],[147.7101,45.1681],[147.7086,45.1679],[147.7079,45.1679],[147.7063,45.1676],[147.7054,45.1676],[147.7056,45.1672],[147.7057,45.1669],[147.7054,45.1666],[147.7064,45.1665],[147.707,45.1658],[147.7066,45.165],[147.7064,45.1647],[147.7065,45.1641],[147.7066,45.1639],[147.7065,45.1635],[147.707,45.1633],[147.707,45.163],[147.7068,45.1627],[147.7073,45.1624],[147.7076,45.1618],[147.7068,45.1616],[147.7066,45.1614],[147.7068,45.1611],[147.7066,45.1605],[147.7068,45.1598],[147.7066,45.1595],[147.7069,45.1592],[147.7071,45.1589],[147.7066,45.1585],[147.7073,45.1582],[147.7072,45.1573],[147.707,45.1571],[147.7072,45.1567],[147.7066,45.1562],[147.7054,45.1558],[147.7039,45.1554],[147.7037,45.1551],[147.7038,45.1548],[147.7033,45.1542],[147.7035,45.1538],[147.7041,45.1537],[147.7046,45.153],[147.7052,45.1527],[147.7053,45.1524],[147.7052,45.1517],[147.7051,45.1514],[147.7041,45.1502],[147.703,45.1494],[147.7027,45.149],[147.7024,45.1485],[147.7021,45.1476],[147.7019,45.1468],[147.7016,45.146],[147.7013,45.1456],[147.7003,45.1447],[147.6991,45.1441],[147.6981,45.1437],[147.6968,45.1433],[147.6946,45.1429],[147.6937,45.1425],[147.6929,45.1419],[147.6928,45.1408],[147.6923,45.1391],[147.6919,45.1383],[147.6919,45.1376],[147.6916,45.1365],[147.6916,45.1356],[147.6919,45.1351],[147.692,45.1345],[147.6919,45.1338],[147.6919,45.1331],[147.6927,45.1314],[147.693,45.1309],[147.6939,45.13],[147.6947,45.129],[147.695,45.1276],[147.6952,45.1268],[147.6961,45.1268],[147.697,45.1266],[147.6975,45.1262],[147.6982,45.1253],[147.6985,45.1245],[147.6989,45.1234],[147.6986,45.1226],[147.6978,45.1217],[147.6976,45.1211],[147.6969,45.1205],[147.6964,45.1199],[147.6955,45.1182],[147.6954,45.1178],[147.6955,45.1174],[147.6954,45.1169],[147.6955,45.1167],[147.6955,45.1164],[147.6957,45.116],[147.6957,45.1157],[147.6961,45.1151],[147.6973,45.1145],[147.6977,45.114],[147.6978,45.1134],[147.6968,45.1124],[147.6952,45.1116],[147.6946,45.1112],[147.6941,45.1107],[147.6939,45.1104],[147.6942,45.11],[147.6945,45.1098],[147.6955,45.1096],[147.6963,45.1092],[147.6968,45.1086],[147.6972,45.1078],[147.6973,45.1073],[147.697,45.1071],[147.6963,45.1069],[147.6963,45.1066],[147.697,45.1068],[147.6973,45.1066],[147.6977,45.1062],[147.6978,45.1057],[147.6978,45.1046],[147.6977,45.1041],[147.6975,45.1037],[147.6965,45.1029],[147.6958,45.1026],[147.6957,45.1024],[147.6957,45.1016],[147.6955,45.1013],[147.6947,45.1],[147.6943,45.0997],[147.6934,45.0998],[147.6928,45.0995],[147.6925,45.0991],[147.6919,45.0987],[147.6915,45.0982],[147.6914,45.0978],[147.6917,45.0973],[147.6916,45.0968],[147.691,45.096],[147.6906,45.0956],[147.6895,45.0947],[147.688,45.0938],[147.6869,45.0932],[147.6857,45.0928],[147.6852,45.0927],[147.6843,45.0929],[147.6836,45.0936],[147.6832,45.0938],[147.6828,45.0935],[147.6826,45.0927],[147.6824,45.0925],[147.681,45.092],[147.6799,45.0912],[147.6789,45.0907],[147.6772,45.0899],[147.6749,45.0891],[147.6737,45.0888],[147.6724,45.0882],[147.6699,45.0876],[147.6688,45.0874],[147.6682,45.0872],[147.6674,45.0871],[147.6671,45.0869],[147.6661,45.0867],[147.6649,45.0862],[147.6641,45.086],[147.6636,45.0854],[147.6625,45.0853],[147.6626,45.0851],[147.6632,45.085],[147.6637,45.0844],[147.6634,45.0837],[147.6629,45.0832],[147.6619,45.0827],[147.6605,45.0822],[147.6589,45.0815],[147.6575,45.0811],[147.6568,45.081],[147.6564,45.0807],[147.6549,45.0805],[147.6547,45.0806],[147.6533,45.0801],[147.6524,45.0793],[147.6516,45.0791],[147.6509,45.0787],[147.6491,45.0783],[147.6483,45.0781],[147.6472,45.0778],[147.6462,45.0775],[147.6451,45.0772],[147.6439,45.0768],[147.6424,45.0767],[147.6403,45.0762],[147.6393,45.0761],[147.6388,45.0759],[147.6387,45.0755],[147.6382,45.0753],[147.6365,45.0754],[147.6352,45.0754],[147.6341,45.0753],[147.6326,45.0754],[147.6313,45.0753],[147.63,45.0755],[147.6281,45.076],[147.6277,45.0761],[147.6265,45.0765],[147.6257,45.0773],[147.6255,45.0778],[147.6256,45.0783],[147.6258,45.0788],[147.6258,45.0797],[147.6252,45.0802],[147.6247,45.0805],[147.6246,45.0808],[147.6238,45.081],[147.6233,45.0814],[147.6225,45.0817],[147.6215,45.0815],[147.6203,45.0815],[147.6199,45.0815],[147.619,45.0817],[147.6181,45.0817],[147.6174,45.0816],[147.6168,45.0814],[147.616,45.0813],[147.6148,45.0814],[147.6127,45.0819],[147.6108,45.082],[147.6099,45.0823],[147.6089,45.0822],[147.6085,45.0823],[147.6077,45.0824],[147.6063,45.0827],[147.6054,45.0826],[147.6054,45.0828],[147.6043,45.0829],[147.6022,45.0826],[147.6017,45.0826],[147.6009,45.0825],[147.5995,45.0825],[147.5989,45.0826],[147.5984,45.083],[147.5975,45.0831],[147.5966,45.0834],[147.5963,45.0833],[147.5952,45.0833],[147.5944,45.0835],[147.5934,45.0836],[147.5921,45.0834],[147.5916,45.0833],[147.5907,45.0832],[147.5889,45.0836],[147.5885,45.084],[147.5875,45.0842],[147.5866,45.084],[147.5858,45.0841],[147.5846,45.0844],[147.5827,45.085],[147.5817,45.0854],[147.5811,45.0856],[147.5801,45.0864],[147.5794,45.0869],[147.5783,45.0874],[147.5778,45.0878],[147.5774,45.0886],[147.5771,45.0896],[147.5766,45.0902],[147.5764,45.0911],[147.5754,45.0918],[147.5748,45.0924],[147.5744,45.0927],[147.5744,45.0932],[147.5746,45.0934],[147.5745,45.0938],[147.574,45.0938],[147.5736,45.0935],[147.5722,45.0938],[147.5713,45.0937],[147.5701,45.0941],[147.5698,45.0943],[147.5689,45.0952],[147.5687,45.0956],[147.5688,45.0961],[147.5693,45.0966],[147.5699,45.0969],[147.5706,45.0974],[147.5711,45.0977],[147.5718,45.0981],[147.5726,45.0989],[147.5734,45.0997],[147.5734,45.1001],[147.5731,45.1004],[147.5729,45.1008],[147.5732,45.1008],[147.5729,45.1012],[147.573,45.1016],[147.5719,45.1017],[147.5713,45.1031],[147.571,45.1042],[147.5705,45.1043],[147.5697,45.1041],[147.568,45.1049],[147.5675,45.1055],[147.5667,45.1062],[147.5651,45.1069],[147.5641,45.1065],[147.5638,45.1063],[147.5634,45.1063],[147.5631,45.1067],[147.5626,45.1068],[147.5624,45.1071],[147.5615,45.1067],[147.5607,45.1062],[147.5601,45.106],[147.5596,45.1057],[147.5582,45.1062],[147.5576,45.1062],[147.5566,45.1066],[147.5561,45.1072],[147.5559,45.1077],[147.5553,45.1079],[147.5549,45.1078],[147.5547,45.108],[147.5548,45.1087],[147.5553,45.1093],[147.5552,45.1096],[147.5555,45.1099],[147.5552,45.1101],[147.5546,45.1099],[147.5546,45.1095],[147.5539,45.1093],[147.5536,45.1097],[147.5527,45.1095],[147.5521,45.1095],[147.5516,45.1097],[147.5514,45.1095],[147.5513,45.1089],[147.5509,45.1089],[147.5502,45.109],[147.549,45.1086],[147.5489,45.108],[147.5481,45.1078],[147.5478,45.1076],[147.5474,45.1077],[147.5475,45.1082],[147.5469,45.1086],[147.5464,45.1087],[147.5462,45.1084],[147.5459,45.1082],[147.546,45.1073],[147.5455,45.107],[147.545,45.1069],[147.5445,45.1069],[147.5434,45.1063],[147.5426,45.1063],[147.5416,45.1062],[147.5408,45.1061],[147.5397,45.1059],[147.5377,45.1058],[147.5367,45.1058],[147.5353,45.1061],[147.5342,45.1065],[147.5336,45.107],[147.5325,45.1077],[147.5313,45.1083],[147.5305,45.1088],[147.5304,45.1092],[147.5306,45.1097],[147.5304,45.11],[147.5306,45.1105],[147.5303,45.1108],[147.5298,45.1108],[147.5289,45.1111],[147.5284,45.1111],[147.5283,45.1106],[147.5277,45.1104],[147.5274,45.1099],[147.5261,45.1097],[147.5254,45.1098],[147.5257,45.1103],[147.5248,45.1102],[147.5239,45.1103],[147.5235,45.1099],[147.5228,45.1102],[147.5221,45.1102],[147.5211,45.1104],[147.5208,45.1103],[147.5193,45.1108],[147.5194,45.111],[147.5201,45.1113],[147.5204,45.1115],[147.5203,45.1118],[147.5198,45.1115],[147.5197,45.112],[147.5181,45.1115],[147.5175,45.1115],[147.5167,45.112],[147.5162,45.1121],[147.5162,45.1125],[147.5164,45.113],[147.5162,45.1132],[147.5155,45.1133],[147.515,45.1128],[147.5145,45.1128],[147.5144,45.1132],[147.5128,45.1143],[147.5121,45.1149],[147.5114,45.1157],[147.5112,45.1162],[147.5108,45.1166],[147.5098,45.1172],[147.5086,45.1177],[147.5082,45.1176],[147.5077,45.1177],[147.5075,45.1173],[147.507,45.1173],[147.5064,45.1178],[147.5048,45.1176],[147.5054,45.1171],[147.5047,45.1171],[147.5049,45.1168],[147.5055,45.1165],[147.5051,45.1162],[147.5055,45.116],[147.5058,45.116],[147.5064,45.1157],[147.5066,45.1154],[147.5066,45.115],[147.5062,45.1145],[147.5056,45.1141],[147.5039,45.1134],[147.5028,45.1136],[147.502,45.1137],[147.5012,45.1136],[147.501,45.1135],[147.5005,45.1129],[147.4995,45.1125],[147.4991,45.1122],[147.4983,45.1119],[147.498,45.1121],[147.4979,45.1125],[147.4975,45.1128],[147.4965,45.113],[147.4962,45.1128],[147.4962,45.1124],[147.4967,45.1118],[147.4964,45.1115],[147.4957,45.1118],[147.4957,45.111],[147.4959,45.1106],[147.4955,45.1104],[147.4954,45.1099],[147.4956,45.1095],[147.4959,45.1092],[147.4963,45.1092],[147.497,45.1091],[147.4977,45.1094],[147.498,45.109],[147.4978,45.1086],[147.4979,45.1083],[147.4985,45.1077],[147.499,45.1079],[147.4992,45.1085],[147.4998,45.1087],[147.5005,45.1087],[147.5011,45.1085],[147.5011,45.108],[147.5013,45.1076],[147.5018,45.1074],[147.5025,45.1074],[147.5028,45.1076],[147.5034,45.1074],[147.5045,45.1072],[147.5053,45.1072],[147.506,45.1072],[147.5069,45.1068],[147.5075,45.1062],[147.5079,45.1058],[147.5075,45.1051],[147.5071,45.1052],[147.5073,45.1047],[147.5074,45.1042],[147.5079,45.1041],[147.5081,45.1038],[147.5078,45.1036],[147.5086,45.1035],[147.5091,45.1033],[147.5095,45.1034],[147.5092,45.1037],[147.5095,45.1039],[147.5102,45.104],[147.5107,45.1043],[147.5113,45.1044],[147.5122,45.1041],[147.5126,45.1035],[147.5133,45.1033],[147.5137,45.1027],[147.5145,45.1025],[147.5152,45.1022],[147.5151,45.1019],[147.5154,45.1016],[147.5158,45.1015],[147.5166,45.1015],[147.5165,45.1012],[147.5169,45.1008],[147.5173,45.1009],[147.5173,45.1013],[147.5171,45.1016],[147.5172,45.1018],[147.5179,45.1021],[147.5183,45.102],[147.5189,45.1023],[147.5197,45.1023],[147.5203,45.102],[147.5213,45.1016],[147.522,45.1016],[147.5224,45.1015],[147.5234,45.1007],[147.524,45.1001],[147.5248,45.0994],[147.5248,45.0993],[147.5255,45.0991],[147.5259,45.0993],[147.5264,45.0992],[147.5268,45.0989],[147.5273,45.0982],[147.527,45.0979],[147.5269,45.0975],[147.5275,45.0965],[147.528,45.0963],[147.5284,45.0958],[147.5289,45.0947],[147.5291,45.0938],[147.5292,45.0927],[147.5284,45.0927],[147.5281,45.0925],[147.5284,45.092],[147.5289,45.0919],[147.5298,45.0918],[147.5302,45.0917],[147.5305,45.0913],[147.531,45.0905],[147.531,45.0899],[147.5314,45.0892],[147.5316,45.0892],[147.5323,45.0895],[147.5325,45.0893],[147.5326,45.0887],[147.5324,45.0884],[147.532,45.0885],[147.5315,45.0881],[147.5319,45.0873],[147.5317,45.0867],[147.5319,45.0863],[147.532,45.0852],[147.5319,45.0844],[147.5313,45.0836],[147.5316,45.0831],[147.5316,45.0828],[147.5312,45.0826],[147.531,45.0822],[147.5312,45.0818],[147.5306,45.0815],[147.5305,45.0813],[147.5308,45.0811],[147.5301,45.081],[147.5303,45.0808],[147.531,45.0804],[147.5322,45.0803],[147.5324,45.0799],[147.5318,45.0795],[147.5321,45.0791],[147.5312,45.0791],[147.5311,45.0786],[147.5317,45.0783],[147.5315,45.0781],[147.5317,45.0771],[147.5314,45.0764],[147.5317,45.0762],[147.5313,45.076],[147.5306,45.076],[147.5311,45.0757],[147.5306,45.0755],[147.5302,45.0743],[147.5312,45.0742],[147.5316,45.074],[147.5319,45.0733],[147.5317,45.0725],[147.5319,45.0723],[147.5345,45.0716],[147.5347,45.0713],[147.5347,45.0706],[147.5342,45.07],[147.5337,45.0696],[147.5331,45.0694],[147.5326,45.0694],[147.5316,45.0697],[147.5306,45.0698],[147.5297,45.0696],[147.5292,45.07],[147.5285,45.07],[147.5281,45.0696],[147.5273,45.0693],[147.5265,45.0689],[147.5264,45.0684],[147.5269,45.0683],[147.5265,45.0679],[147.526,45.0678],[147.5261,45.0672],[147.5258,45.0669],[147.5256,45.0664],[147.5253,45.066],[147.5246,45.0658],[147.5249,45.0653],[147.5247,45.0649],[147.5248,45.0645],[147.5245,45.0641],[147.5249,45.0637],[147.5249,45.0634],[147.5256,45.0629],[147.5257,45.0626],[147.5254,45.0621],[147.5251,45.0618],[147.5247,45.062],[147.5242,45.062],[147.524,45.0617],[147.5244,45.0614],[147.5239,45.0613],[147.5236,45.0608],[147.5231,45.0607],[147.5228,45.0602],[147.5236,45.0601],[147.5248,45.0588],[147.5246,45.0577],[147.5242,45.0574],[147.524,45.0563],[147.5237,45.0558],[147.5236,45.0554],[147.5236,45.0546],[147.5235,45.0542],[147.5235,45.0534],[147.5237,45.0525],[147.5236,45.0514],[147.5239,45.0508],[147.5241,45.0506],[147.5237,45.0503],[147.5244,45.05],[147.5244,45.0495],[147.5243,45.0488],[147.5235,45.0482],[147.5235,45.0479],[147.5241,45.0476],[147.5236,45.047],[147.5229,45.0469],[147.5227,45.0465],[147.5231,45.0462],[147.5228,45.0457],[147.5224,45.0458],[147.5221,45.0455],[147.5218,45.0455],[147.5216,45.0447],[147.521,45.0444],[147.5207,45.0438],[147.521,45.0436],[147.5209,45.0433],[147.5204,45.0432],[147.5209,45.0419],[147.5212,45.0414],[147.5214,45.0407],[147.5218,45.0406],[147.5225,45.0407],[147.5226,45.0406],[147.5231,45.0404],[147.5241,45.0403],[147.5243,45.0397],[147.5242,45.0394],[147.5238,45.0395],[147.5234,45.0391],[147.5235,45.0389],[147.5242,45.0389],[147.5246,45.0385],[147.5245,45.0382],[147.5238,45.0383],[147.5235,45.038],[147.5235,45.0373],[147.5237,45.0369],[147.5241,45.0367],[147.5241,45.0364],[147.5234,45.0358],[147.5229,45.0357],[147.5222,45.0361],[147.5213,45.0362],[147.5216,45.0357],[147.521,45.0358],[147.5205,45.0351],[147.521,45.0351],[147.5211,45.0349],[147.5207,45.0347],[147.5194,45.0345],[147.5195,45.0341],[147.519,45.0338],[147.5192,45.0334],[147.5191,45.0331],[147.518,45.0334],[147.5176,45.0337],[147.5167,45.034],[147.5163,45.0339],[147.5164,45.0333],[147.5161,45.0332],[147.5162,45.0328],[147.5159,45.0326],[147.5154,45.0324],[147.5154,45.0317],[147.5152,45.0316],[147.5151,45.031],[147.5155,45.0308],[147.516,45.03],[147.5158,45.0296],[147.5166,45.0293],[147.5165,45.029],[147.5168,45.0288],[147.5172,45.0287],[147.5173,45.0284],[147.5169,45.0276],[147.516,45.0271],[147.515,45.027],[147.5144,45.0271],[147.5136,45.0269],[147.5127,45.027],[147.5118,45.0268],[147.512,45.0265],[147.5116,45.0263],[147.5112,45.0262],[147.5112,45.0258],[147.5118,45.0253],[147.5119,45.0247],[147.5126,45.024],[147.5131,45.0239],[147.5137,45.023],[147.5143,45.0227],[147.5148,45.0214],[147.5155,45.0202],[147.5155,45.0198],[147.5152,45.0189],[147.5146,45.0186],[147.5141,45.0187],[147.514,45.0183],[147.5149,45.0179],[147.5149,45.0177],[147.5143,45.0173],[147.5147,45.0168],[147.5144,45.0163],[147.5147,45.0159],[147.5145,45.0152],[147.5141,45.0152],[147.514,45.0146],[147.5142,45.0143],[147.5136,45.0138],[147.5136,45.0133],[147.5137,45.0128],[147.5141,45.0123],[147.5146,45.0125],[147.5148,45.0123],[147.5159,45.0119],[147.5165,45.0112],[147.5183,45.0107],[147.5183,45.0103],[147.5187,45.01],[147.5196,45.0098],[147.5201,45.0098],[147.5204,45.0095],[147.5203,45.0093],[147.5191,45.009],[147.5183,45.0092],[147.5178,45.0095],[147.5174,45.01],[147.5166,45.0095],[147.5162,45.0091],[147.5158,45.0089],[147.5148,45.0087],[147.5144,45.0076],[147.5139,45.0075],[147.5137,45.0072],[147.5143,45.007],[147.514,45.0067],[147.5143,45.0063],[147.5141,45.0059],[147.5143,45.0056],[147.5149,45.0053],[147.5153,45.0049],[147.5159,45.0043],[147.5159,45.004],[147.5161,45.0036],[147.5161,45.0032],[147.5164,45.0028],[147.5163,45.0022],[147.5158,45.0022],[147.5155,45.0017],[147.5159,45.0013],[147.5152,45.001],[147.5152,45.0007],[147.5157,45.0002],[147.5164,45.0002],[147.5174,45],[147.5179,44.9996],[147.518,44.9989],[147.5177,44.9981],[147.5172,44.9974],[147.5156,44.9962],[147.5138,44.9953],[147.5128,44.9951],[147.5117,44.9952],[147.511,44.9955],[147.5104,44.996],[147.5097,44.9964],[147.5089,44.9964],[147.5081,44.9964],[147.5075,44.9963],[147.5068,44.9963],[147.506,44.996],[147.5061,44.9957],[147.5069,44.9955],[147.5064,44.9952],[147.5071,44.9948],[147.5078,44.9946],[147.508,44.9944],[147.5087,44.9941],[147.5085,44.994],[147.5085,44.9937],[147.5097,44.9933],[147.51,44.9931],[147.5101,44.9927],[147.51,44.9924],[147.5093,44.992],[147.5083,44.9919],[147.5073,44.992],[147.5057,44.9919],[147.5058,44.9914],[147.5058,44.9908],[147.5064,44.9909],[147.507,44.9906],[147.5071,44.9901],[147.507,44.9897],[147.5066,44.9893],[147.5053,44.9889],[147.5041,44.9889],[147.5039,44.9891],[147.5042,44.9894],[147.504,44.9899],[147.5034,44.99],[147.5031,44.9894],[147.5025,44.99],[147.5009,44.9901],[147.5006,44.9904],[147.5002,44.9905],[147.5001,44.99],[147.4999,44.9899],[147.5002,44.9894],[147.5001,44.9889],[147.4993,44.9893],[147.4987,44.9899],[147.4988,44.9901],[147.4982,44.9904],[147.4972,44.9907],[147.4969,44.9905],[147.4968,44.9899],[147.4963,44.99],[147.4959,44.9906],[147.495,44.9907],[147.4954,44.9902],[147.4952,44.9901],[147.4938,44.9901],[147.493,44.99],[147.4921,44.9897],[147.4912,44.9893],[147.4901,44.9895],[147.4896,44.9898],[147.4887,44.9901],[147.4876,44.9893],[147.4867,44.9893],[147.4859,44.989],[147.4853,44.9889],[147.4849,44.9885],[147.484,44.9883],[147.484,44.988],[147.483,44.988],[147.483,44.9878],[147.4819,44.9878],[147.4817,44.9874],[147.4806,44.9869],[147.48,44.9869],[147.4801,44.9866],[147.479,44.9862],[147.4781,44.9852],[147.4781,44.9849],[147.4786,44.9843],[147.479,44.984],[147.4798,44.984],[147.4797,44.9837],[147.4795,44.9835],[147.479,44.9835],[147.479,44.9832],[147.4792,44.9829],[147.479,44.9826],[147.479,44.9823],[147.4787,44.9822],[147.4783,44.9823],[147.4777,44.9824],[147.4775,44.9825],[147.4779,44.9829],[147.4774,44.9833],[147.4771,44.9838],[147.4771,44.9847],[147.4766,44.9849],[147.4765,44.9846],[147.4758,44.9844],[147.4754,44.9841],[147.4745,44.9838],[147.4738,44.9837],[147.4735,44.9834],[147.4736,44.9832],[147.4728,44.9831],[147.4729,44.9834],[147.4724,44.9835],[147.4722,44.9833],[147.4721,44.9829],[147.4718,44.9828],[147.4716,44.9831],[147.4712,44.9828],[147.4713,44.9822],[147.4712,44.9819],[147.4708,44.982],[147.4705,44.9817],[147.4697,44.9816],[147.4696,44.9812],[147.4697,44.9808],[147.4689,44.9808],[147.4689,44.9804],[147.4675,44.9802],[147.467,44.9798],[147.467,44.9796],[147.4664,44.9796],[147.4664,44.9792],[147.4659,44.9792],[147.4657,44.9787],[147.4654,44.9786],[147.4653,44.9781],[147.4648,44.9782],[147.4649,44.9778],[147.464,44.978],[147.4637,44.9775],[147.464,44.9771],[147.4646,44.9768],[147.4643,44.9765],[147.4639,44.9765],[147.4638,44.976],[147.4635,44.9759],[147.463,44.9759],[147.4625,44.9757],[147.4622,44.9762],[147.4619,44.976],[147.4615,44.9758],[147.461,44.9752],[147.4604,44.9754],[147.4596,44.9751],[147.4594,44.9744],[147.4592,44.9742],[147.4588,44.9745],[147.4581,44.974],[147.458,44.9739],[147.4574,44.9737],[147.457,44.9738],[147.4562,44.9734],[147.4562,44.9731],[147.4556,44.9733],[147.4555,44.9729],[147.4558,44.9725],[147.455,44.9722],[147.4553,44.9719],[147.4553,44.9714],[147.4549,44.9713],[147.4544,44.9715],[147.454,44.9722],[147.4537,44.972],[147.4534,44.9717],[147.4533,44.9713],[147.4535,44.9711],[147.4534,44.9704],[147.4529,44.9702],[147.4531,44.9698],[147.4527,44.9696],[147.4526,44.9689],[147.4522,44.9688],[147.4519,44.9682],[147.4517,44.9684],[147.4507,44.9684],[147.4507,44.968],[147.4502,44.968],[147.4497,44.9676],[147.4493,44.9675],[147.4488,44.967],[147.4486,44.9662],[147.4488,44.9658],[147.4482,44.9655],[147.4483,44.9652],[147.4492,44.965],[147.4494,44.9647],[147.4488,44.9646],[147.4482,44.9642],[147.4472,44.9644],[147.4466,44.964],[147.4469,44.9637],[147.4469,44.9632],[147.4471,44.9626],[147.4464,44.9626],[147.4456,44.9624],[147.4454,44.9625],[147.4452,44.9628],[147.4446,44.9626],[147.4451,44.962],[147.4449,44.9618],[147.4453,44.9613],[147.4449,44.9612],[147.445,44.9609],[147.4444,44.9608],[147.4439,44.9601],[147.4441,44.9598],[147.4437,44.9597],[147.4422,44.96],[147.442,44.9595],[147.4416,44.9596],[147.4401,44.959],[147.4389,44.9583],[147.4387,44.9578],[147.4384,44.9577],[147.4381,44.9574],[147.4383,44.9569],[147.4376,44.9569],[147.4376,44.9566],[147.4372,44.9563],[147.4373,44.9559],[147.4376,44.9558],[147.4371,44.9552],[147.4367,44.9552],[147.4366,44.9549],[147.4362,44.9548],[147.4354,44.9546],[147.4351,44.9539],[147.4346,44.9536],[147.4343,44.9531],[147.4336,44.9531],[147.4327,44.9529],[147.4323,44.9524],[147.4318,44.9521],[147.4316,44.9517],[147.4317,44.9513],[147.4311,44.9513],[147.4313,44.9509],[147.4306,44.9507],[147.4305,44.9505],[147.4303,44.95],[147.4295,44.9499],[147.4289,44.95],[147.429,44.9496],[147.4283,44.9488],[147.4277,44.9487],[147.4276,44.9483],[147.4269,44.9476],[147.4264,44.9476],[147.4257,44.9462],[147.4251,44.9462],[147.4245,44.9457],[147.4245,44.9456],[147.4255,44.9453],[147.4254,44.945],[147.4247,44.9442],[147.4242,44.9443],[147.424,44.9439],[147.4234,44.9434],[147.4233,44.943],[147.4221,44.9427],[147.4217,44.9422],[147.4218,44.941],[147.4215,44.9412],[147.4208,44.9413],[147.4204,44.9406],[147.4205,44.9403],[147.42,44.9402],[147.42,44.9399],[147.4191,44.9402],[147.4187,44.9394],[147.4192,44.9391],[147.4189,44.9389],[147.4192,44.9386],[147.4191,44.9383],[147.4186,44.938],[147.4177,44.9384],[147.4174,44.9383],[147.4172,44.9381],[147.4168,44.938],[147.4168,44.9375],[147.4163,44.9373],[147.4158,44.9375],[147.415,44.9373],[147.4149,44.9369],[147.4152,44.9363],[147.4151,44.9359],[147.4146,44.9361],[147.4141,44.936],[147.4133,44.9357],[147.4138,44.9353],[147.4141,44.9348],[147.4139,44.9347],[147.4132,44.9349],[147.4131,44.9342],[147.4121,44.9335],[147.4109,44.9334],[147.4107,44.9337],[147.4103,44.9339],[147.4096,44.9338],[147.4086,44.933],[147.4084,44.9327],[147.4085,44.9324],[147.4079,44.9323],[147.408,44.932],[147.4076,44.9315],[147.4074,44.9313],[147.4076,44.931],[147.4081,44.931],[147.4081,44.9306],[147.4078,44.9301],[147.4073,44.9298],[147.4069,44.9294],[147.4064,44.9297],[147.4056,44.9298],[147.4055,44.9295],[147.4046,44.9293],[147.4047,44.929],[147.4046,44.9287],[147.404,44.9287],[147.4035,44.9282],[147.4033,44.9276],[147.4031,44.9278],[147.4027,44.927],[147.4029,44.9268],[147.4029,44.9262],[147.4027,44.926],[147.4029,44.9257],[147.4025,44.9254],[147.4023,44.9248],[147.4017,44.9244],[147.4007,44.9238],[147.3998,44.9234],[147.3994,44.9235],[147.3989,44.9234],[147.3981,44.9232],[147.3976,44.9233],[147.3973,44.9231],[147.3977,44.9229],[147.3969,44.9228],[147.3966,44.9225],[147.3965,44.9222],[147.3969,44.9222],[147.3974,44.9217],[147.3972,44.9214],[147.3973,44.9209],[147.3968,44.92],[147.3959,44.9193],[147.3946,44.9187],[147.3936,44.918],[147.3909,44.9167],[147.3898,44.9165],[147.3892,44.9165],[147.388,44.9168],[147.387,44.9167],[147.387,44.9164],[147.3864,44.9157],[147.3861,44.915],[147.3852,44.9138],[147.3844,44.913],[147.3839,44.9122],[147.3831,44.9115],[147.3817,44.9107],[147.3799,44.9098],[147.3785,44.9091],[147.3771,44.9085],[147.3758,44.9078],[147.3745,44.9072],[147.3731,44.9065],[147.371,44.9055],[147.3691,44.9047],[147.3655,44.9035],[147.3644,44.9031],[147.3627,44.9024],[147.3606,44.9013],[147.3585,44.9004],[147.3554,44.8989],[147.3544,44.8988],[147.3538,44.8981],[147.3534,44.8977],[147.3517,44.8969],[147.35,44.8962],[147.3488,44.8957],[147.347,44.8951],[147.344,44.8944],[147.3432,44.8941],[147.3423,44.8934],[147.3402,44.8921],[147.3377,44.891],[147.3366,44.8905],[147.3339,44.8892],[147.333,44.8888],[147.331,44.8884],[147.3296,44.8882],[147.3282,44.8884],[147.3279,44.8885],[147.3272,44.8894],[147.3264,44.89],[147.3259,44.8901],[147.3255,44.8901],[147.3248,44.8899],[147.3243,44.8893],[147.3233,44.889],[147.3232,44.8888],[147.3233,44.8885],[147.3221,44.8878],[147.3209,44.8874],[147.32,44.8869],[147.3194,44.8863],[147.3181,44.8854],[147.3178,44.8853],[147.3176,44.8856],[147.3171,44.8858],[147.3166,44.8857],[147.3159,44.8859],[147.3154,44.8862],[147.3146,44.8858],[147.3145,44.8853],[147.314,44.8855],[147.3136,44.8854],[147.3138,44.885],[147.3135,44.8849],[147.3131,44.8851],[147.3126,44.8851],[147.3121,44.8852],[147.3116,44.8852],[147.3113,44.8848],[147.3106,44.8848],[147.3106,44.8844],[147.3104,44.884],[147.3092,44.8841],[147.309,44.8839],[147.3092,44.8836],[147.3088,44.8833],[147.3087,44.883],[147.3084,44.8827],[147.3074,44.8825],[147.3071,44.8822],[147.3066,44.882],[147.3057,44.8813],[147.3051,44.8811],[147.3042,44.8809],[147.3032,44.8808],[147.3024,44.8808],[147.3018,44.8809],[147.3012,44.8812],[147.3005,44.8818],[147.2998,44.8821],[147.2992,44.8826],[147.2986,44.8834],[147.2979,44.8839],[147.2973,44.8838],[147.2967,44.8835],[147.2966,44.883],[147.2972,44.8825],[147.2968,44.8821],[147.2966,44.882],[147.2961,44.8812],[147.2956,44.8797],[147.2954,44.8789],[147.2955,44.8781],[147.2944,44.8773],[147.2929,44.8766],[147.2912,44.8762],[147.2906,44.8761],[147.2898,44.8763],[147.2886,44.8767],[147.2883,44.8773],[147.2877,44.8778],[147.287,44.8778],[147.2864,44.8776],[147.285,44.8777],[147.2845,44.8781],[147.2842,44.878],[147.284,44.8777],[147.2835,44.8777],[147.2832,44.8774],[147.2833,44.877],[147.284,44.8767],[147.2841,44.8765],[147.2833,44.8758],[147.2827,44.8761],[147.2824,44.8763],[147.2819,44.8761],[147.2811,44.8756],[147.2809,44.8748],[147.281,44.8743],[147.2802,44.8737],[147.2794,44.8735],[147.2787,44.8735],[147.2782,44.8737],[147.2775,44.8739],[147.2771,44.8739],[147.2763,44.8735],[147.275,44.8734],[147.273,44.8727],[147.2723,44.8721],[147.2717,44.8711],[147.2711,44.8695],[147.2709,44.8688],[147.2705,44.8683],[147.2698,44.8679],[147.2688,44.8678],[147.2684,44.868],[147.2672,44.8682],[147.2665,44.868],[147.2661,44.8681],[147.2655,44.868],[147.2662,44.8675],[147.2652,44.8667],[147.2649,44.8661],[147.2647,44.8655],[147.2642,44.8645],[147.2635,44.8644],[147.2633,44.8642],[147.263,44.8613],[147.2631,44.8608],[147.2632,44.8598],[147.2635,44.8591],[147.264,44.8582],[147.264,44.8577],[147.2639,44.8573],[147.2631,44.8559],[147.263,44.8555],[147.2632,44.8547],[147.2637,44.8533],[147.264,44.8518],[147.2641,44.8512],[147.2639,44.85],[147.2635,44.8487],[147.2631,44.848],[147.2627,44.8476],[147.2615,44.8464],[147.2589,44.8443],[147.2583,44.8436],[147.2582,44.8431],[147.2572,44.8413],[147.2563,44.8401],[147.256,44.8397],[147.2555,44.8385],[147.2553,44.8377],[147.255,44.8368],[147.2542,44.8354],[147.2534,44.8341],[147.2528,44.8333],[147.2525,44.8325],[147.2518,44.8295],[147.2509,44.8265],[147.2499,44.8246],[147.2497,44.8242],[147.2493,44.8232],[147.2491,44.8218],[147.249,44.8211],[147.2485,44.8191],[147.2484,44.8186],[147.248,44.8163],[147.2474,44.8145],[147.2469,44.8129],[147.2464,44.8121],[147.2462,44.8119],[147.2458,44.8114],[147.2455,44.8105],[147.2451,44.81],[147.2437,44.8092],[147.2428,44.8085],[147.2423,44.8081],[147.2412,44.8078],[147.2398,44.8071],[147.2386,44.8065],[147.2349,44.805],[147.2332,44.8044],[147.232,44.8041],[147.2311,44.804],[147.2302,44.8036],[147.2292,44.8033],[147.2281,44.8026],[147.2274,44.8024],[147.2262,44.8021],[147.2223,44.801],[147.22,44.8006],[147.2197,44.8005],[147.2189,44.8],[147.2152,44.7994],[147.2119,44.7986],[147.2109,44.7984],[147.2092,44.798],[147.2074,44.7976],[147.2059,44.7973],[147.2049,44.7972],[147.2018,44.797],[147.1989,44.7966],[147.1978,44.7966],[147.1955,44.7969],[147.1936,44.7971],[147.1929,44.7972],[147.1924,44.7975],[147.1922,44.7978],[147.1919,44.7988],[147.1914,44.7995],[147.1909,44.8009],[147.1903,44.8017],[147.19,44.8018],[147.1884,44.8025],[147.1879,44.8029],[147.1875,44.8036],[147.1876,44.8042],[147.1872,44.8047],[147.1863,44.8054],[147.185,44.806],[147.1841,44.8065],[147.1834,44.8069],[147.1826,44.8075],[147.1818,44.808],[147.181,44.8088],[147.1805,44.809],[147.1795,44.81],[147.1791,44.8101],[147.1785,44.8106],[147.178,44.8108],[147.1777,44.8113],[147.1775,44.8118],[147.1772,44.8121],[147.176,44.8127],[147.1758,44.8137],[147.1754,44.8145],[147.1749,44.8149],[147.1742,44.8158],[147.1731,44.8166],[147.1713,44.8177],[147.1713,44.818],[147.1709,44.8181],[147.1703,44.8186],[147.1696,44.8188],[147.1685,44.8186],[147.1681,44.8186],[147.1674,44.8184],[147.1664,44.818],[147.1658,44.8178],[147.1656,44.8176],[147.1645,44.8175],[147.1639,44.8177],[147.1642,44.8185],[147.1639,44.8186],[147.1631,44.8185],[147.1629,44.8182],[147.1625,44.8183],[147.1621,44.818],[147.1614,44.818],[147.1591,44.8185],[147.1584,44.8187],[147.1581,44.8189],[147.1573,44.8198],[147.1569,44.8206],[147.1566,44.821],[147.157,44.8218],[147.1568,44.8224],[147.1566,44.8226],[147.1562,44.8236],[147.1545,44.8246],[147.1535,44.8244],[147.1522,44.824],[147.1522,44.8238],[147.1516,44.8237],[147.1513,44.8234],[147.1493,44.8232],[147.1471,44.8236],[147.146,44.8236],[147.1452,44.8237],[147.1433,44.8243],[147.143,44.8246],[147.1422,44.8251],[147.1416,44.8257],[147.1417,44.8261],[147.1402,44.8268],[147.1392,44.8271],[147.1389,44.8273],[147.1382,44.8276],[147.1381,44.8278],[147.1385,44.8282],[147.1386,44.8285],[147.1382,44.8289],[147.1376,44.8284],[147.1371,44.8285],[147.1367,44.8287],[147.1363,44.8291],[147.1359,44.8293],[147.1351,44.8293],[147.1345,44.8295],[147.1345,44.8297],[147.1335,44.8297],[147.1326,44.8298],[147.1316,44.8295],[147.1311,44.8294],[147.1304,44.8296],[147.1299,44.8295],[147.1294,44.829],[147.1282,44.8288],[147.1264,44.8283],[147.1254,44.8278],[147.1237,44.8273],[147.1228,44.8269],[147.1222,44.8267],[147.1199,44.8263],[147.1192,44.826],[147.1177,44.8257],[147.1151,44.8249],[147.1139,44.8248],[147.1133,44.8248],[147.112,44.8247],[147.1118,44.8245],[147.1114,44.8246],[147.1109,44.8244],[147.1104,44.8244],[147.1101,44.8238],[147.1089,44.8233],[147.1083,44.8229],[147.1084,44.8226],[147.1077,44.8225],[147.1072,44.8221],[147.1076,44.8218],[147.1069,44.8216],[147.1064,44.821],[147.106,44.8209],[147.1058,44.8205],[147.1061,44.82],[147.1057,44.8196],[147.1047,44.8189],[147.1039,44.8184],[147.1034,44.8183],[147.103,44.818],[147.1019,44.818],[147.1017,44.8177],[147.1022,44.8175],[147.1021,44.817],[147.1017,44.8167],[147.1013,44.8161],[147.1008,44.8158],[147.1,44.8158],[147.1,44.8156],[147.1004,44.8153],[147.0999,44.815],[147.0995,44.8139],[147.0997,44.8128],[147.0995,44.8124],[147.0997,44.8121],[147.1001,44.8121],[147.1003,44.8118],[147.1007,44.8116],[147.1008,44.8113],[147.1013,44.8105],[147.1016,44.8098],[147.1016,44.8087],[147.1018,44.8082],[147.1021,44.8079],[147.1022,44.8074],[147.102,44.807],[147.1016,44.8056],[147.1012,44.8048],[147.1011,44.8042],[147.1012,44.803],[147.1009,44.8021],[147.1009,44.8014],[147.1014,44.8001],[147.1021,44.7993],[147.1024,44.7988],[147.103,44.7983],[147.1033,44.7977],[147.1036,44.7967],[147.104,44.7947],[147.1042,44.7945],[147.1041,44.7939],[147.1045,44.7932],[147.1049,44.7927],[147.1057,44.7909],[147.106,44.7893],[147.1058,44.7889],[147.1061,44.7888],[147.1066,44.7891],[147.1068,44.7891],[147.1079,44.7884],[147.1087,44.7878],[147.1091,44.7875],[147.1095,44.7872],[147.1102,44.7864],[147.1105,44.7859],[147.1108,44.7856],[147.1115,44.7847],[147.1118,44.7838],[147.1115,44.7834],[147.1121,44.7833],[147.1127,44.783],[147.1125,44.7824],[147.1128,44.7822],[147.1123,44.7817],[147.1126,44.7814],[147.1131,44.7814],[147.1128,44.781],[147.1128,44.7806],[147.1133,44.7801],[147.1131,44.7797],[147.1135,44.7793],[147.1147,44.7789],[147.1148,44.7786],[147.1156,44.7788],[147.1158,44.7785],[147.1162,44.7787],[147.1165,44.7784],[147.1168,44.7785],[147.1171,44.7782],[147.1175,44.7783],[147.1178,44.778],[147.1183,44.778],[147.1189,44.7774],[147.1195,44.7775],[147.1197,44.7773],[147.1201,44.7774],[147.1205,44.7772],[147.1214,44.7769],[147.1232,44.7769],[147.1237,44.777],[147.1242,44.777],[147.1251,44.7766],[147.1254,44.7764],[147.1253,44.7759],[147.1248,44.7752],[147.1245,44.7749],[147.1244,44.7745],[147.1235,44.7738],[147.1233,44.7734],[147.1235,44.7731],[147.1238,44.7732],[147.124,44.7729],[147.1248,44.7723],[147.1256,44.7725],[147.1256,44.7722],[147.1261,44.7722],[147.1264,44.772],[147.1262,44.7712],[147.126,44.7711],[147.1257,44.7705],[147.1263,44.7706],[147.1267,44.7704],[147.1272,44.7704],[147.1281,44.77],[147.1288,44.7698],[147.1292,44.7705],[147.1298,44.7708],[147.1306,44.7708],[147.1316,44.7707],[147.1325,44.7702],[147.1329,44.7703],[147.1335,44.7698],[147.1336,44.7702],[147.1342,44.7703],[147.1347,44.7702],[147.1352,44.7693],[147.136,44.7689],[147.1365,44.7688],[147.1371,44.7686],[147.1378,44.769],[147.1384,44.7691],[147.1386,44.7684],[147.1392,44.768],[147.1397,44.7681],[147.1401,44.7683],[147.1403,44.7686],[147.141,44.7687],[147.1416,44.7689],[147.1423,44.7694],[147.1436,44.77],[147.144,44.7702],[147.1449,44.7703],[147.1455,44.7702],[147.1467,44.7702],[147.1476,44.7698],[147.1484,44.7698],[147.1489,44.7699],[147.1494,44.7696],[147.1511,44.7695],[147.1516,44.7693],[147.1523,44.7693],[147.1527,44.7695],[147.1535,44.7696],[147.1545,44.7698],[147.1553,44.7697],[147.1554,44.7694],[147.1558,44.7696],[147.1564,44.7696],[147.157,44.7695],[147.1588,44.7693],[147.1597,44.7694],[147.1606,44.7694],[147.1609,44.7692],[147.1608,44.7688],[147.1611,44.7687],[147.161,44.7682],[147.161,44.7679],[147.1616,44.7675],[147.1617,44.7673],[147.1614,44.7667],[147.1618,44.7663],[147.1625,44.7662],[147.1626,44.7658],[147.1629,44.7659],[147.1631,44.7657],[147.1636,44.7657],[147.1645,44.7655],[147.1653,44.7653],[147.1657,44.7653],[147.1668,44.7651],[147.167,44.7652],[147.1676,44.7651],[147.1682,44.7647],[147.1681,44.7645],[147.1685,44.7643],[147.1684,44.7639],[147.1698,44.7636],[147.1701,44.7639],[147.1706,44.7639],[147.1707,44.7635],[147.171,44.7637],[147.1719,44.7637],[147.1724,44.7634],[147.1728,44.7636],[147.1728,44.7632],[147.1732,44.7633],[147.1735,44.7637],[147.1737,44.7631],[147.1743,44.7633],[147.1749,44.7632],[147.1755,44.7635],[147.1756,44.7637],[147.1761,44.7642],[147.1769,44.7646],[147.1775,44.7647],[147.1785,44.7647],[147.1797,44.7648],[147.1804,44.7646],[147.1811,44.7642],[147.1824,44.7638],[147.1837,44.7635],[147.1852,44.7634],[147.1856,44.7635],[147.1856,44.7639],[147.1862,44.764],[147.1871,44.7644],[147.1884,44.7655],[147.1893,44.7655],[147.1901,44.7652],[147.1915,44.7644],[147.1931,44.763],[147.1936,44.7625],[147.1946,44.7613],[147.1951,44.7605],[147.1955,44.7594],[147.196,44.7584],[147.1964,44.7577],[147.1969,44.7566],[147.197,44.7563],[147.1977,44.7551],[147.198,44.7546],[147.199,44.7524],[147.1993,44.7511],[147.1994,44.7501],[147.1997,44.7494],[147.2,44.7482],[147.2001,44.747],[147.2,44.7448],[147.2001,44.7431],[147.2002,44.7421],[147.1999,44.7393],[147.1997,44.7381],[147.1997,44.7366],[147.1993,44.7352],[147.1991,44.7334],[147.1991,44.7328],[147.1988,44.7315],[147.1984,44.7303],[147.1982,44.7291],[147.198,44.7282],[147.1977,44.7272],[147.1975,44.7256],[147.1974,44.725],[147.197,44.7238],[147.1965,44.7228],[147.1961,44.7213],[147.1956,44.7195],[147.195,44.7182],[147.1947,44.7172],[147.1945,44.7163],[147.1945,44.7155],[147.1943,44.7146],[147.1939,44.7137],[147.1933,44.7127],[147.1928,44.7119],[147.1926,44.7109],[147.1923,44.71],[147.1909,44.707],[147.1906,44.7061],[147.1895,44.7039],[147.1886,44.7023],[147.188,44.7012],[147.1868,44.6986],[147.1859,44.6972],[147.1844,44.6951],[147.1835,44.6937],[147.1825,44.6923],[147.1817,44.6914],[147.1811,44.6906],[147.18,44.6893],[147.1789,44.6881],[147.1769,44.6868],[147.1758,44.6862],[147.1744,44.6857],[147.1738,44.6856],[147.172,44.685],[147.1689,44.6841],[147.1669,44.6836],[147.1654,44.6832],[147.1644,44.6828],[147.1636,44.6823],[147.1624,44.6813],[147.1608,44.6791],[147.1605,44.6788],[147.1594,44.678],[147.159,44.6777],[147.1574,44.6772],[147.1563,44.6765],[147.156,44.6763],[147.1551,44.6746],[147.1541,44.6733],[147.1528,44.6721],[147.1522,44.6713],[147.1515,44.6707],[147.1502,44.6698],[147.1497,44.6696],[147.1481,44.6689],[147.1468,44.6684],[147.146,44.668],[147.1452,44.6675],[147.1446,44.6668],[147.1436,44.6654],[147.1426,44.6641],[147.142,44.6635],[147.1404,44.662],[147.1396,44.6612],[147.1387,44.66],[147.1382,44.6596],[147.1373,44.659],[147.1362,44.6582],[147.1348,44.6573],[147.1333,44.6561],[147.1318,44.6547],[147.1313,44.654],[147.1302,44.6527],[147.1298,44.6523],[147.1271,44.6507],[147.1265,44.6504],[147.1252,44.6496],[147.1228,44.6481],[147.1218,44.6476],[147.1211,44.6474],[147.1196,44.6467],[147.1188,44.6464],[147.117,44.646],[147.1159,44.6458],[147.1142,44.6458],[147.1129,44.6452],[147.1123,44.6445],[147.1118,44.6434],[147.1117,44.6432],[147.1107,44.6426],[147.1079,44.6416],[147.1059,44.6412],[147.1033,44.6409],[147.1018,44.6403],[147.1001,44.6397],[147.0994,44.6395],[147.0982,44.6391],[147.0965,44.6386],[147.0948,44.6383],[147.0941,44.6381],[147.0931,44.638],[147.0924,44.6382],[147.0918,44.6386],[147.0908,44.6394],[147.0903,44.6396],[147.0898,44.6396],[147.0893,44.6399],[147.0885,44.6395],[147.0878,44.6395],[147.0869,44.639],[147.0858,44.6381],[147.0852,44.6379],[147.0838,44.6375],[147.0822,44.6373],[147.0801,44.6368],[147.0797,44.6368],[147.076,44.6369],[147.0753,44.6369],[147.0739,44.6371],[147.0732,44.6374],[147.073,44.6376],[147.0728,44.6381],[147.0728,44.6387],[147.0732,44.6396],[147.0732,44.6403],[147.0731,44.6411],[147.0727,44.6415],[147.0723,44.6422],[147.0716,44.6438],[147.0714,44.6448],[147.071,44.6452],[147.0704,44.6456],[147.069,44.646],[147.068,44.646],[147.0676,44.6462],[147.0673,44.6466],[147.0665,44.6469],[147.066,44.6469],[147.0656,44.6467],[147.0646,44.6465],[147.0637,44.6467],[147.0635,44.6467],[147.0626,44.6467],[147.0612,44.6467],[147.0606,44.6469],[147.059,44.6479],[147.0587,44.6483],[147.0587,44.6492],[147.0589,44.6496],[147.0596,44.6509],[147.0601,44.6517],[147.0613,44.6539],[147.0611,44.6541],[147.0604,44.6544],[147.0602,44.6548],[147.0604,44.655],[147.0601,44.6554],[147.0597,44.6554],[147.0592,44.6551],[147.0588,44.6553],[147.0582,44.6554],[147.0579,44.6551],[147.0572,44.655],[147.0567,44.6552],[147.0554,44.655],[147.0549,44.6553],[147.0544,44.6561],[147.0536,44.6563],[147.0529,44.6563],[147.0522,44.6561],[147.0505,44.6554],[147.0498,44.655],[147.0486,44.6542],[147.0481,44.6541],[147.0472,44.6544],[147.0468,44.6547],[147.0468,44.6553],[147.0472,44.6561],[147.0473,44.6568],[147.0471,44.6571],[147.0466,44.6575],[147.0469,44.6579],[147.047,44.6585],[147.0473,44.6588],[147.0474,44.6592],[147.0473,44.6594],[147.0468,44.6596],[147.046,44.6595],[147.0454,44.6593],[147.0446,44.6593],[147.0433,44.6588],[147.041,44.6582],[147.0397,44.6579],[147.039,44.6577],[147.0381,44.6577],[147.0365,44.658],[147.0358,44.6582],[147.0351,44.6588],[147.0345,44.6591],[147.0334,44.6595],[147.0327,44.6596],[147.0316,44.6599],[147.0304,44.6607],[147.0292,44.6618],[147.0284,44.6622],[147.0276,44.6623],[147.0268,44.6621],[147.0262,44.6619],[147.0251,44.6614],[147.0242,44.6608],[147.0235,44.6603],[147.0224,44.6601],[147.0218,44.6598],[147.0204,44.6596],[147.019,44.6597],[147.0174,44.66],[147.0165,44.6599],[147.016,44.6601],[147.0152,44.6601],[147.0137,44.6605],[147.0121,44.661],[147.0114,44.6611],[147.01,44.6611],[147.0091,44.6608],[147.0087,44.6606],[147.008,44.6599],[147.0076,44.6599],[147.0074,44.6595],[147.0072,44.6593],[147.0064,44.6591],[147.0062,44.6588],[147.0062,44.6582],[147.005,44.6568],[147.0042,44.6568],[147.0042,44.6563],[147.0039,44.6555],[147.0042,44.6549],[147.0055,44.6534],[147.0059,44.653],[147.0062,44.6522],[147.0068,44.6515],[147.0074,44.6513],[147.0076,44.6508],[147.0102,44.6499],[147.0109,44.6496],[147.0116,44.6492],[147.0123,44.6479],[147.013,44.6475],[147.0137,44.6469],[147.0143,44.6459],[147.0152,44.6455],[147.0158,44.6449],[147.0167,44.6446],[147.0181,44.6443],[147.0188,44.6442],[147.0197,44.6438],[147.0219,44.6433],[147.023,44.6429],[147.024,44.6425],[147.0252,44.6418],[147.0269,44.6412],[147.0287,44.6407],[147.0304,44.6401],[147.0317,44.6395],[147.0324,44.6392],[147.0332,44.6386],[147.0336,44.6381],[147.0335,44.6379],[147.0341,44.6367],[147.0342,44.6361],[147.0345,44.6353],[147.0345,44.6348],[147.0341,44.6337],[147.0336,44.6328],[147.0331,44.632],[147.0316,44.6288],[147.0312,44.6282],[147.0308,44.6269],[147.0307,44.6258],[147.0309,44.6255],[147.0309,44.6248],[147.0307,44.624],[147.0312,44.6231],[147.0311,44.6227],[147.0316,44.6222],[147.0315,44.6218],[147.0318,44.6214],[147.0328,44.6212],[147.0329,44.6209],[147.0334,44.6204],[147.0336,44.62],[147.0338,44.619],[147.0337,44.6185],[147.0335,44.6176],[147.0336,44.6167],[147.0335,44.6161],[147.0326,44.615],[147.032,44.615],[147.0323,44.6147],[147.0314,44.6139],[147.0312,44.6133],[147.0316,44.611],[147.0319,44.6105],[147.0317,44.609],[147.0312,44.6077],[147.0304,44.6063],[147.0302,44.6052],[147.0296,44.604],[147.0281,44.6023],[147.0279,44.6016],[147.0271,44.5998],[147.0264,44.5986],[147.0254,44.5975],[147.0244,44.5966],[147.0217,44.5945],[147.0208,44.5939],[147.0195,44.5926],[147.0182,44.5916],[147.0151,44.5889],[147.0137,44.5881],[147.0121,44.5872],[147.0114,44.5867],[147.0095,44.5852],[147.0081,44.5842],[147.0076,44.5837],[147.0072,44.5832],[147.0059,44.5823],[147.0056,44.5819],[147.0049,44.5814],[147.0046,44.581],[147.0037,44.5805],[147.0024,44.5797],[147.0003,44.5786],[146.999,44.578],[146.9959,44.5771],[146.9954,44.5769],[146.9944,44.576],[146.9938,44.5757],[146.993,44.5754],[146.9916,44.5751],[146.9903,44.575],[146.989,44.5751],[146.9883,44.5752],[146.9849,44.5759],[146.9811,44.577],[146.9799,44.5775],[146.9775,44.578],[146.9769,44.5783],[146.9759,44.5789],[146.9747,44.5797],[146.9737,44.5806],[146.9734,44.5812],[146.9729,44.5824],[146.9721,44.5834],[146.9718,44.5843],[146.9714,44.5851],[146.9705,44.5859],[146.9701,44.5864],[146.9697,44.5871],[146.9687,44.5877],[146.9681,44.5884],[146.9674,44.5888],[146.9667,44.5891],[146.9665,44.5893],[146.9654,44.59],[146.9645,44.5907],[146.9636,44.5913],[146.9621,44.5925],[146.9612,44.5935],[146.9595,44.5945],[146.9592,44.5949],[146.9589,44.5955],[146.9582,44.5961],[146.9578,44.5966],[146.9575,44.5974],[146.9575,44.5977],[146.9577,44.5984],[146.9577,44.5993],[146.9579,44.5995],[146.9578,44.6007],[146.9575,44.6016],[146.9572,44.602],[146.9571,44.6024],[146.9573,44.6031],[146.9573,44.6038],[146.957,44.6046],[146.9568,44.6058],[146.9566,44.6065],[146.9566,44.6075],[146.9569,44.6087],[146.9569,44.6091],[146.9567,44.6101],[146.9565,44.6105],[146.9558,44.6115],[146.9544,44.6125],[146.9537,44.6134],[146.9531,44.614],[146.9523,44.6149],[146.9519,44.6155],[146.9515,44.6164],[146.9513,44.6175],[146.9514,44.6183],[146.9518,44.619],[146.9523,44.6205],[146.9527,44.6219],[146.9525,44.6234],[146.9527,44.6239],[146.9527,44.6247],[146.953,44.6261],[146.953,44.6264],[146.9527,44.6271],[146.9523,44.6277],[146.9519,44.6281],[146.9512,44.6287],[146.9509,44.6291],[146.9505,44.6298],[146.9499,44.6302],[146.9501,44.6306],[146.9496,44.6308],[146.9494,44.6311],[146.9485,44.6313],[146.9481,44.6313],[146.9483,44.6309],[146.9484,44.6303],[146.948,44.6297],[146.9474,44.6289],[146.9464,44.6283],[146.9459,44.6279],[146.9455,44.6271],[146.9453,44.6266],[146.9453,44.626],[146.9449,44.6253],[146.9439,44.6245],[146.9436,44.6244],[146.9431,44.6244],[146.9426,44.6246],[146.9424,44.6245],[146.9425,44.6241],[146.9435,44.6236],[146.9436,44.6229],[146.9434,44.6223],[146.9424,44.6216],[146.9423,44.6213],[146.9426,44.6209],[146.9425,44.6205],[146.9421,44.62],[146.942,44.6196],[146.9419,44.6187],[146.9418,44.6184],[146.9412,44.6175],[146.9409,44.6169],[146.9401,44.6155],[146.9392,44.6139],[146.9389,44.6133],[146.9381,44.6124],[146.9375,44.6121],[146.937,44.612],[146.9365,44.6117],[146.9368,44.6114],[146.9373,44.6114],[146.9375,44.6104],[146.9373,44.6096],[146.9366,44.6082],[146.9355,44.6069],[146.9346,44.6066],[146.934,44.6067],[146.9334,44.6065],[146.9333,44.6063],[146.9341,44.6057],[146.9351,44.6057],[146.9354,44.6051],[146.9355,44.6038],[146.9357,44.6028],[146.9355,44.6003],[146.9356,44.5995],[146.9356,44.598],[146.9355,44.5966],[146.9356,44.5956],[146.9356,44.5953],[146.935,44.5934],[146.9342,44.5921],[146.9335,44.5916],[146.9321,44.5917],[146.9318,44.5919],[146.9315,44.5917],[146.9321,44.5913],[146.9318,44.591],[146.9319,44.5906],[146.9315,44.5904],[146.931,44.5905],[146.9309,44.5902],[146.9309,44.5894],[146.9311,44.5893],[146.9321,44.5892],[146.9324,44.5889],[146.9316,44.5886],[146.9313,44.5881],[146.9316,44.5878],[146.9316,44.5872],[146.9311,44.5861],[146.9311,44.5855],[146.9311,44.5852],[146.9317,44.5839],[146.932,44.5827],[146.9324,44.5821],[146.9326,44.5814],[146.9323,44.5807],[146.9321,44.5805],[146.932,44.5801],[146.9324,44.5798],[146.934,44.5789],[146.9367,44.5771],[146.9389,44.5757],[146.9399,44.5748],[146.9407,44.5738],[146.9416,44.5723],[146.9427,44.5714],[146.9435,44.5705],[146.9439,44.5695],[146.9443,44.5685],[146.9449,44.5671],[146.946,44.565],[146.9473,44.5633],[146.9478,44.5627],[146.9489,44.562],[146.9493,44.5615],[146.9497,44.561],[146.9509,44.5596],[146.9517,44.5582],[146.9521,44.5578],[146.9531,44.5569],[146.954,44.556],[146.9542,44.5555],[146.9543,44.555],[146.9542,44.5544],[146.9535,44.5529],[146.9533,44.5521],[146.9523,44.5498],[146.9518,44.5488],[146.9512,44.548],[146.949,44.5455],[146.9473,44.5438],[146.9462,44.5428],[146.9461,44.5425],[146.9455,44.5419],[146.9448,44.5413],[146.9433,44.5404],[146.9421,44.5395],[146.9413,44.539],[146.9406,44.5389],[146.9395,44.538],[146.9392,44.5375],[146.9382,44.5363],[146.9378,44.5358],[146.9373,44.5348],[146.9366,44.5339],[146.9352,44.5329],[146.933,44.5313],[146.9317,44.5303],[146.9295,44.5289],[146.928,44.5279],[146.9268,44.5271],[146.925,44.5261],[146.9236,44.5253],[146.9222,44.5246],[146.9212,44.5241],[146.9179,44.5231],[146.9166,44.5226],[146.9154,44.5224],[146.9135,44.5217],[146.911,44.5214],[146.9096,44.5215],[146.9082,44.5213],[146.9078,44.5213],[146.906,44.5219],[146.9056,44.522],[146.9055,44.5215],[146.9051,44.5211],[146.9045,44.5212],[146.9048,44.5203],[146.9044,44.5201],[146.9034,44.5202],[146.9024,44.5209],[146.902,44.521],[146.9019,44.5207],[146.9013,44.5209],[146.9008,44.5206],[146.8998,44.5208],[146.8995,44.521],[146.8991,44.5205],[146.8991,44.5202],[146.8985,44.5198],[146.898,44.5197],[146.897,44.5203],[146.8969,44.52],[146.8964,44.5194],[146.8963,44.5186],[146.8959,44.518],[146.8953,44.5175],[146.8951,44.517],[146.8937,44.516],[146.8927,44.5156],[146.8922,44.5153],[146.8916,44.5147],[146.891,44.5145],[146.891,44.5141],[146.8904,44.5141],[146.8902,44.5138],[146.8895,44.5136],[146.8897,44.5131],[146.8896,44.5124],[146.8903,44.5123],[146.8904,44.512],[146.8901,44.5111],[146.8893,44.5105],[146.8873,44.5093],[146.8867,44.5092],[146.8861,44.5089],[146.8858,44.5091],[146.8853,44.5091],[146.8853,44.5088],[146.8856,44.5084],[146.8853,44.5078],[146.8846,44.5066],[146.8835,44.5058],[146.8829,44.5057],[146.8827,44.5052],[146.882,44.5045],[146.8817,44.5041],[146.8811,44.5035],[146.8808,44.5034],[146.8807,44.5031],[146.88,44.5027],[146.8799,44.5024],[146.8793,44.5019],[146.8778,44.501],[146.8764,44.4998],[146.8756,44.4987],[146.8752,44.4981],[146.875,44.4974],[146.8752,44.4967],[146.875,44.4961],[146.8745,44.4957],[146.8747,44.4954],[146.8742,44.4942],[146.8739,44.4935],[146.8738,44.4931],[146.874,44.492],[146.8734,44.491],[146.8732,44.4902],[146.873,44.4898],[146.8724,44.4894],[146.8722,44.4889],[146.8723,44.4887],[146.8717,44.4873],[146.8717,44.4869],[146.8712,44.4864],[146.8713,44.486],[146.8712,44.4851],[146.8709,44.4845],[146.871,44.4837],[146.8707,44.483],[146.8702,44.4828],[146.87,44.4826],[146.8705,44.4821],[146.87,44.4815],[146.8698,44.4808],[146.8695,44.4804],[146.8691,44.4802],[146.8683,44.4798],[146.8681,44.4795],[146.8681,44.4789],[146.868,44.4785],[146.8666,44.4776],[146.8656,44.4767],[146.8653,44.4763],[146.8651,44.4753],[146.8652,44.4747],[146.8658,44.4726],[146.8661,44.4725],[146.8662,44.4719],[146.8665,44.4715],[146.8663,44.4706],[146.8659,44.4703],[146.866,44.4698],[146.8656,44.469],[146.865,44.4689],[146.863,44.4685],[146.8634,44.4683],[146.8634,44.4679],[146.8639,44.4675],[146.8635,44.467],[146.8627,44.467],[146.8625,44.4663],[146.8622,44.4658],[146.8615,44.4657],[146.8618,44.4654],[146.8617,44.465],[146.8622,44.4649],[146.8623,44.4646],[146.8627,44.4644],[146.8626,44.4639],[146.8623,44.4637],[146.8626,44.4634],[146.8625,44.4627],[146.8629,44.4626],[146.8631,44.4614],[146.8627,44.46],[146.862,44.4584],[146.8616,44.457],[146.8611,44.4564],[146.8608,44.4562],[146.86,44.456],[146.8594,44.4565],[146.859,44.4563],[146.8592,44.4561],[146.8591,44.4557],[146.8591,44.4549],[146.8586,44.4548],[146.8589,44.454],[146.8581,44.4533],[146.8582,44.4529],[146.8582,44.4523],[146.8586,44.452],[146.8582,44.4516],[146.8585,44.4514],[146.8588,44.4517],[146.8593,44.452],[146.8594,44.4516],[146.8599,44.4513],[146.8601,44.4506],[146.8596,44.4505],[146.8594,44.4502],[146.8596,44.45],[146.8601,44.45],[146.8608,44.4496],[146.8602,44.4491],[146.8606,44.4487],[146.8612,44.4489],[146.8619,44.4481],[146.8617,44.4477],[146.8614,44.4473],[146.8617,44.4471],[146.8622,44.4474],[146.8625,44.447],[146.8622,44.4468],[146.8616,44.4459],[146.862,44.4455],[146.8628,44.4455],[146.8634,44.445],[146.8635,44.4446],[146.8638,44.4444],[146.8637,44.4441],[146.8647,44.4432],[146.8654,44.4428],[146.866,44.4427],[146.8667,44.4432],[146.8672,44.4429],[146.8669,44.4426],[146.8677,44.4422],[146.868,44.4422],[146.869,44.4419],[146.8693,44.4415],[146.87,44.4412],[146.8701,44.4408],[146.8704,44.4404],[146.8709,44.4404],[146.8714,44.4399],[146.8717,44.4393],[146.8721,44.4392],[146.8726,44.4393],[146.8729,44.4389],[146.8735,44.439],[146.8737,44.4388],[146.8751,44.4383],[146.8758,44.4387],[146.8767,44.4386],[146.8772,44.4387],[146.8777,44.4385],[146.8783,44.4386],[146.8782,44.438],[146.8784,44.438],[146.879,44.4386],[146.8795,44.4385],[146.88,44.4381],[146.8802,44.4378],[146.8801,44.4372],[146.8803,44.437],[146.8813,44.4371],[146.8818,44.4374],[146.8825,44.4374],[146.8833,44.4373],[146.8842,44.437],[146.8851,44.4369],[146.8854,44.4367],[146.8857,44.4367],[146.8862,44.4364],[146.8864,44.4361],[146.8876,44.4352],[146.8878,44.4347],[146.8887,44.4345],[146.8906,44.4333],[146.891,44.4331],[146.8932,44.4327],[146.8933,44.4325],[146.8939,44.4325],[146.8941,44.4322],[146.8945,44.432],[146.8952,44.432],[146.8955,44.4318],[146.897,44.4319],[146.8979,44.4316],[146.8985,44.4312],[146.9001,44.4311],[146.901,44.4308],[146.902,44.4307],[146.9023,44.4306],[146.9023,44.4301],[146.9025,44.4299],[146.9033,44.4299],[146.9037,44.4298],[146.904,44.4296],[146.905,44.4292],[146.9059,44.4291],[146.9062,44.4289],[146.9072,44.4288],[146.9079,44.4286],[146.9083,44.4289],[146.9091,44.4288],[146.9093,44.4291],[146.9101,44.4287],[146.9102,44.4282],[146.9105,44.4281],[146.9112,44.4287],[146.9132,44.4289],[146.9145,44.4288],[146.9158,44.4286],[146.917,44.4286],[146.9176,44.4286],[146.9181,44.4283],[146.9187,44.4283],[146.9187,44.4287],[146.9192,44.4288],[146.9203,44.4287],[146.9211,44.4288],[146.9214,44.4285],[146.9223,44.4283],[146.9237,44.4284],[146.9239,44.4282],[146.9246,44.4285],[146.9248,44.4289],[146.9257,44.4291],[146.926,44.4289],[146.9267,44.4282],[146.9269,44.4279],[146.9276,44.4281],[146.9276,44.4283],[146.9273,44.4287],[146.9276,44.429],[146.9301,44.4294],[146.9308,44.4294],[146.9315,44.4292],[146.9324,44.4288],[146.9333,44.4286],[146.9342,44.4283],[146.9354,44.428],[146.9374,44.4281],[146.9391,44.428],[146.9405,44.4275],[146.9416,44.4273],[146.9419,44.4269],[146.9423,44.4267],[146.9427,44.4268],[146.9434,44.4265],[146.9438,44.4265],[146.944,44.4263],[146.9443,44.4262],[146.9449,44.4257],[146.9449,44.4253],[146.9455,44.4248],[146.9455,44.4244],[146.9457,44.4243],[146.9462,44.4247],[146.9466,44.4246],[146.9472,44.4246],[146.9472,44.4251],[146.947,44.4257],[146.9471,44.4258],[146.9482,44.4262],[146.9491,44.4262],[146.9516,44.4267],[146.9521,44.4266],[146.9523,44.4268],[146.9538,44.427],[146.9543,44.4264],[146.9546,44.4266],[146.9542,44.427],[146.9541,44.4275],[146.9544,44.4277],[146.955,44.428],[146.9556,44.4276],[146.9559,44.4278],[146.9556,44.4285],[146.9558,44.4288],[146.9563,44.4286],[146.9571,44.4287],[146.9581,44.428],[146.9583,44.4281],[146.9576,44.4289],[146.9583,44.4292],[146.9591,44.4289],[146.9597,44.4296],[146.9605,44.4294],[146.9607,44.4295],[146.9612,44.4302],[146.9613,44.4309],[146.9614,44.4312],[146.9621,44.4317],[146.9628,44.4325],[146.9632,44.4331],[146.9647,44.4347],[146.966,44.4359],[146.9666,44.4362],[146.9677,44.4366],[146.9681,44.4365],[146.9689,44.437],[146.9706,44.4377],[146.9712,44.4381],[146.9727,44.4392],[146.9745,44.44],[146.9755,44.4408],[146.9765,44.4416],[146.9778,44.4424],[146.9785,44.4426],[146.9789,44.4428],[146.9798,44.4432],[146.9802,44.4435],[146.9815,44.4439],[146.9819,44.4439],[146.9832,44.4448],[146.9832,44.4451],[146.9836,44.4455],[146.9832,44.4458],[146.9832,44.4463],[146.9835,44.4467],[146.9843,44.4472],[146.985,44.4469],[146.9849,44.4475],[146.9857,44.4473],[146.9857,44.4481],[146.9851,44.4482],[146.9849,44.4484],[146.9855,44.449],[146.9855,44.4492],[146.986,44.4497],[146.9863,44.4497],[146.9866,44.45],[146.9878,44.4501],[146.9884,44.4499],[146.9888,44.4501],[146.9888,44.4504],[146.9883,44.4505],[146.9893,44.4513],[146.9896,44.4517],[146.9901,44.4514],[146.9906,44.4513],[146.9905,44.4521],[146.9903,44.4524],[146.9898,44.4523],[146.9896,44.4526],[146.9892,44.4528],[146.9893,44.453],[146.9898,44.453],[146.9906,44.4534],[146.9904,44.4541],[146.9904,44.4543],[146.9899,44.4548],[146.9894,44.4545],[146.9888,44.4547],[146.9884,44.455],[146.9876,44.4558],[146.9877,44.4567],[146.9877,44.4577],[146.9878,44.4583],[146.9885,44.4592],[146.9889,44.4601],[146.9894,44.4605],[146.9903,44.4622],[146.9907,44.4627],[146.9913,44.4631],[146.9916,44.4638],[146.9923,44.4646],[146.9927,44.4649],[146.9934,44.4653],[146.994,44.466],[146.9941,44.4665],[146.9947,44.4673],[146.9953,44.4681],[146.9959,44.4684],[146.996,44.4685],[146.996,44.4696],[146.9967,44.4704],[146.9971,44.4707],[146.9971,44.4711],[146.9966,44.4717],[146.9968,44.4735],[146.9969,44.4741],[146.9976,44.4747],[146.9986,44.4752],[146.999,44.4757],[146.9993,44.4768],[147,44.4779],[147.0006,44.4787],[147.001,44.4792],[147.0019,44.4796],[147.0022,44.4801],[147.0023,44.4808],[147.0025,44.4813],[147.0029,44.4816],[147.0039,44.4822],[147.0044,44.4828],[147.0051,44.485],[147.005,44.4856],[147.0045,44.4861],[147.0044,44.4865],[147.0044,44.4876],[147.0045,44.4881],[147.0052,44.4899],[147.0058,44.491],[147.0064,44.4919],[147.0078,44.4936],[147.0082,44.494],[147.0088,44.4944],[147.0103,44.4948],[147.0107,44.495],[147.0112,44.4957],[147.0113,44.4964],[147.0117,44.4967],[147.0113,44.497],[147.0118,44.4973],[147.0123,44.4979],[147.0123,44.4986],[147.0127,44.499],[147.0131,44.4996],[147.0133,44.5003],[147.014,44.5013],[147.0147,44.5024],[147.0154,44.5031],[147.0163,44.5038],[147.0165,44.5041],[147.017,44.5056],[147.0174,44.5064],[147.0186,44.5081],[147.0204,44.5101],[147.022,44.5121],[147.0239,44.5143],[147.0259,44.5164],[147.0278,44.5185],[147.0287,44.5193],[147.0297,44.5201],[147.0317,44.5221],[147.0329,44.5231],[147.0339,44.524],[147.0347,44.5247],[147.0356,44.5259],[147.0375,44.5276],[147.0386,44.5285],[147.0397,44.5295],[147.0418,44.5313],[147.0444,44.5333],[147.0458,44.5342],[147.0477,44.5356],[147.0491,44.5367],[147.0502,44.5374],[147.0514,44.5375],[147.0521,44.5377],[147.0533,44.5379],[147.0538,44.5379],[147.0545,44.5378],[147.0554,44.5383],[147.0566,44.5385],[147.0582,44.5389],[147.059,44.5394],[147.0593,44.5397],[147.0601,44.54],[147.0605,44.5403],[147.0606,44.5407],[147.0604,44.5411],[147.0597,44.5418],[147.0586,44.5426],[147.0584,44.5431],[147.0585,44.5435],[147.0588,44.5441],[147.0598,44.5452],[147.0604,44.5457],[147.0618,44.5467],[147.0648,44.549],[147.0655,44.5496],[147.0683,44.5516],[147.0701,44.5527],[147.0709,44.5532],[147.0717,44.5537],[147.0729,44.5547],[147.0747,44.5557],[147.0765,44.5565],[147.0779,44.5573],[147.0796,44.5582],[147.0803,44.5588],[147.0829,44.5602],[147.0838,44.5607],[147.0856,44.5615],[147.0874,44.5624],[147.0903,44.5636],[147.0909,44.5637],[147.0921,44.5638],[147.0927,44.5639],[147.0933,44.5641],[147.095,44.5652],[147.0956,44.5654],[147.0973,44.5657],[147.0981,44.5664],[147.0987,44.5667],[147.0995,44.567],[147.1016,44.5676],[147.1034,44.5679],[147.1055,44.5682],[147.1077,44.5687],[147.1091,44.5689],[147.1116,44.5686],[147.1123,44.5685],[147.1133,44.568],[147.1144,44.5673],[147.1157,44.5666],[147.1171,44.5661],[147.1201,44.5651],[147.1227,44.564],[147.1264,44.5626],[147.1272,44.5624],[147.1285,44.5619],[147.1295,44.5613],[147.13,44.5611],[147.1312,44.5608],[147.1323,44.5607],[147.1346,44.561],[147.1362,44.5611],[147.1369,44.561],[147.1375,44.5608],[147.1394,44.5601],[147.1412,44.5597],[147.1435,44.5596],[147.1457,44.5594],[147.1464,44.5594],[147.1474,44.5597],[147.1486,44.56],[147.1492,44.5602],[147.1502,44.5608],[147.1512,44.5612],[147.1528,44.5613],[147.1534,44.561],[147.1536,44.5604],[147.1538,44.5602],[147.1544,44.5601],[147.1555,44.5606],[147.1559,44.5604],[147.1563,44.5599],[147.1566,44.5599],[147.1573,44.5606],[147.1572,44.5613],[147.157,44.5617],[147.1576,44.5622],[147.1583,44.5621],[147.1587,44.5618],[147.159,44.5614],[147.1594,44.5615],[147.1592,44.5618],[147.1591,44.5625],[147.1595,44.5627],[147.1606,44.563],[147.1625,44.5638],[147.164,44.5647],[147.1646,44.5649],[147.1662,44.565],[147.1666,44.5648],[147.1675,44.5646],[147.1683,44.5639],[147.1689,44.5637],[147.1692,44.5639],[147.1694,44.5644],[147.17,44.5642],[147.1707,44.564],[147.1709,44.5642],[147.1705,44.5645],[147.1703,44.5648],[147.1706,44.5653],[147.1714,44.5657],[147.173,44.5659],[147.1748,44.5664],[147.1756,44.5668],[147.1765,44.5671],[147.1778,44.5674],[147.1784,44.5676],[147.1788,44.568],[147.1793,44.5683],[147.18,44.5686],[147.1808,44.5687],[147.1818,44.5687],[147.1821,44.5686],[147.1819,44.5681],[147.1821,44.5678],[147.1823,44.5678],[147.1825,44.5683],[147.1826,44.5688],[147.1824,44.5689],[147.1842,44.5695],[147.1847,44.5696],[147.1861,44.5701],[147.1869,44.5703],[147.1877,44.5706],[147.1885,44.5712],[147.189,44.5714],[147.1905,44.5717],[147.1912,44.572],[147.1915,44.572],[147.1921,44.5717],[147.1928,44.5709],[147.1938,44.5707],[147.1947,44.5708],[147.195,44.5712],[147.1953,44.5714],[147.1972,44.5706],[147.1982,44.5705],[147.1989,44.5706],[147.1994,44.5709],[147.1996,44.5713],[147.1998,44.5726],[147.2003,44.5729],[147.2009,44.573],[147.2017,44.5729],[147.2022,44.5727],[147.2026,44.5723],[147.2034,44.5721],[147.2043,44.572],[147.2057,44.5714],[147.2061,44.5711],[147.2066,44.5702],[147.2062,44.5691],[147.2062,44.5684],[147.2068,44.5685],[147.2074,44.5689],[147.208,44.5695],[147.2087,44.5704],[147.2089,44.5706],[147.2087,44.5709],[147.2082,44.5711],[147.208,44.5715],[147.2082,44.5719],[147.2083,44.5723],[147.2081,44.5727],[147.2081,44.573],[147.2085,44.5734],[147.2091,44.5737],[147.2098,44.5741],[147.2103,44.5746],[147.2112,44.5757],[147.2117,44.5764],[147.2124,44.5774],[147.213,44.5778],[147.2135,44.5776],[147.2143,44.5776],[147.2145,44.5779],[147.2141,44.5781],[147.2142,44.5784],[147.2157,44.579],[147.2167,44.5796],[147.2173,44.5793],[147.2173,44.5791],[147.2176,44.5788],[147.218,44.5787],[147.2182,44.5791],[147.2181,44.5794],[147.2176,44.5795],[147.2172,44.5799],[147.2171,44.5801],[147.2175,44.5805],[147.2183,44.581],[147.2192,44.5813],[147.2198,44.5814],[147.2207,44.5815],[147.2216,44.5812],[147.2219,44.5818],[147.2224,44.582],[147.2231,44.582],[147.2231,44.5824],[147.2233,44.5825],[147.2245,44.5829],[147.2248,44.5834],[147.224,44.5839],[147.224,44.5842],[147.2236,44.5844],[147.2239,44.5848],[147.2248,44.5855],[147.2253,44.5857],[147.2259,44.5864],[147.2264,44.5872],[147.2268,44.5875],[147.2277,44.5881],[147.2286,44.5885],[147.2296,44.5892],[147.2303,44.5899],[147.231,44.5905],[147.232,44.5916],[147.2327,44.5926],[147.2332,44.5931],[147.2344,44.5937],[147.235,44.594],[147.2359,44.5943],[147.2363,44.5943],[147.2374,44.5942],[147.2382,44.5937],[147.239,44.5942],[147.24,44.5945],[147.2404,44.5948],[147.2409,44.5955],[147.242,44.5962],[147.242,44.5964],[147.2417,44.5967],[147.2417,44.597],[147.242,44.5972],[147.242,44.5975],[147.2418,44.5979],[147.2411,44.5981],[147.2409,44.5984],[147.2409,44.599],[147.2412,44.5993],[147.2423,44.6],[147.2432,44.6001],[147.2439,44.6],[147.2446,44.6002],[147.2452,44.6003],[147.2459,44.6003],[147.2468,44.6001],[147.2478,44.6001],[147.2485,44.6004],[147.2494,44.6006],[147.2501,44.6005],[147.2505,44.6],[147.251,44.5999],[147.252,44.6],[147.2525,44.6002],[147.253,44.6005],[147.2528,44.6012],[147.2533,44.6014],[147.2531,44.6017],[147.253,44.6023],[147.2522,44.6024],[147.2515,44.6028],[147.2522,44.603],[147.2525,44.6032],[147.252,44.6035],[147.2513,44.6034],[147.2508,44.6032],[147.2506,44.6038],[147.2509,44.6041],[147.2508,44.6043],[147.2503,44.6044],[147.2502,44.6047],[147.2507,44.6056],[147.2513,44.606],[147.2523,44.6059],[147.2527,44.6068],[147.2527,44.6071],[147.2532,44.6082],[147.2541,44.6092],[147.2548,44.6097],[147.2551,44.6099],[147.2565,44.6108],[147.2576,44.6118],[147.2585,44.6123],[147.2591,44.6126],[147.2595,44.6129],[147.2596,44.6134],[147.2595,44.6166],[147.2596,44.6177],[147.2595,44.6185],[147.2599,44.6208],[147.2602,44.6217],[147.2604,44.6224],[147.2604,44.623],[147.2605,44.6237],[147.2607,44.6252],[147.2608,44.6256],[147.2618,44.6269],[147.2631,44.6285],[147.2641,44.6301],[147.2644,44.6309],[147.2646,44.6323],[147.2649,44.6337],[147.2649,44.6344],[147.2652,44.6351],[147.2652,44.6361],[147.2653,44.6367],[147.2657,44.6375],[147.2665,44.6386],[147.2671,44.6393],[147.2684,44.64],[147.2693,44.6408],[147.2704,44.6423],[147.2707,44.6429],[147.2712,44.6443],[147.2716,44.6455],[147.2719,44.6459],[147.2724,44.6466],[147.2731,44.6473],[147.2742,44.6479],[147.2747,44.6484],[147.276,44.6497],[147.2769,44.6504],[147.2779,44.6514],[147.2786,44.6528],[147.2793,44.6548],[147.2797,44.6554],[147.2813,44.6573],[147.2829,44.6589],[147.2838,44.6595],[147.2852,44.6604],[147.2857,44.661],[147.2861,44.6613],[147.2869,44.6616],[147.2877,44.6623],[147.2884,44.6625],[147.2894,44.663],[147.2899,44.6634],[147.2903,44.6642],[147.2907,44.6647],[147.2916,44.6654],[147.2924,44.6657],[147.2936,44.6665],[147.2946,44.6668],[147.295,44.6667],[147.296,44.6669],[147.2964,44.6672],[147.2966,44.667],[147.2973,44.6667],[147.2977,44.6672],[147.2988,44.6672],[147.2987,44.6677],[147.2991,44.6679],[147.2997,44.668],[147.301,44.6679],[147.3007,44.6682],[147.3005,44.669],[147.3006,44.6698],[147.3007,44.6701],[147.3013,44.6702],[147.3016,44.6705],[147.3013,44.6709],[147.3016,44.6716],[147.3021,44.6721],[147.303,44.6727],[147.3038,44.6722],[147.3045,44.6722],[147.3048,44.6725],[147.3053,44.6723],[147.3058,44.6723],[147.3055,44.673],[147.3052,44.674],[147.3046,44.6743],[147.3041,44.6744],[147.304,44.6747],[147.3042,44.6753],[147.3049,44.6762],[147.3056,44.6771],[147.3061,44.678],[147.3064,44.6792],[147.3066,44.6799],[147.3066,44.681],[147.3068,44.6818],[147.3075,44.6827],[147.3078,44.6829],[147.3091,44.6838],[147.3103,44.6845],[147.3115,44.6848],[147.3128,44.6849],[147.314,44.6851],[147.315,44.6853],[147.3157,44.6858],[147.3157,44.6862],[147.3153,44.6868],[147.3146,44.6874],[147.3141,44.6882],[147.314,44.6889],[147.3143,44.6902],[147.3147,44.6913],[147.3151,44.6921],[147.3156,44.6926],[147.3165,44.6938],[147.3171,44.6947],[147.3177,44.6953],[147.3188,44.6961],[147.3195,44.697],[147.32,44.6975],[147.3204,44.6982],[147.321,44.6984],[147.3229,44.6991],[147.324,44.6993],[147.3265,44.6988],[147.327,44.6988],[147.3276,44.6992],[147.3274,44.6999],[147.3267,44.701],[147.3265,44.7017],[147.3268,44.7027],[147.3275,44.7039],[147.3277,44.7041],[147.3274,44.7043],[147.3275,44.7048],[147.3269,44.7054],[147.327,44.7059],[147.3275,44.7064],[147.3284,44.707],[147.3295,44.7079],[147.33,44.7083],[147.331,44.7088],[147.332,44.709],[147.3324,44.7092],[147.3327,44.7096],[147.3327,44.7104],[147.3329,44.7114],[147.3334,44.7125],[147.334,44.7133],[147.335,44.7142],[147.3361,44.7149],[147.3371,44.7152],[147.338,44.7156],[147.3393,44.716],[147.3405,44.716],[147.3421,44.7164],[147.3426,44.7164],[147.3433,44.7162],[147.3446,44.7153],[147.3448,44.715],[147.3452,44.7141],[147.3456,44.7138],[147.3456,44.7132],[147.346,44.7128],[147.3465,44.7126],[147.3474,44.7126],[147.3473,44.7131],[147.3475,44.7134],[147.3475,44.7137],[147.3479,44.7137],[147.3484,44.714],[147.349,44.714],[147.3498,44.7141],[147.35,44.7144],[147.3498,44.7146],[147.3505,44.715],[147.3501,44.7153],[147.349,44.7156],[147.3482,44.7154],[147.3472,44.7154],[147.3467,44.7154],[147.3464,44.7157],[147.3461,44.7165],[147.3461,44.7175],[147.3466,44.7187],[147.3472,44.7196],[147.348,44.7203],[147.3492,44.7209],[147.3503,44.7214],[147.3519,44.7217],[147.3526,44.7219],[147.3534,44.7219],[147.3539,44.7217],[147.3539,44.7209],[147.3544,44.7206],[147.3545,44.7216],[147.3554,44.7221],[147.3562,44.7224],[147.3571,44.7225],[147.3582,44.7224],[147.359,44.7221],[147.3596,44.722],[147.3602,44.7224],[147.3609,44.7229],[147.3621,44.723],[147.3626,44.7232],[147.3631,44.7241],[147.3639,44.7246],[147.3646,44.7247],[147.3658,44.7245],[147.3664,44.724],[147.3668,44.7236],[147.3673,44.7237],[147.3678,44.7233],[147.3681,44.7234],[147.3684,44.7228],[147.3689,44.7229],[147.3695,44.7233],[147.3696,44.7238],[147.3694,44.7243],[147.3682,44.7251],[147.3678,44.7257],[147.3676,44.7262],[147.3676,44.7266],[147.3683,44.7279],[147.3684,44.7291],[147.3686,44.7297],[147.3695,44.7308],[147.3706,44.7317],[147.3717,44.7323],[147.3729,44.7326],[147.3741,44.7328],[147.3747,44.7328],[147.3757,44.7326],[147.3763,44.7325],[147.377,44.733],[147.3771,44.7333],[147.3766,44.7343],[147.3764,44.7344],[147.3759,44.7341],[147.3753,44.734],[147.3748,44.7342],[147.3745,44.7349],[147.3744,44.7357],[147.3748,44.7369],[147.3753,44.7379],[147.3761,44.7388],[147.3776,44.74],[147.3791,44.7414],[147.3807,44.7427],[147.3819,44.7435],[147.383,44.7445],[147.3849,44.7457],[147.3865,44.7465],[147.3873,44.7469],[147.3916,44.7487],[147.3926,44.749],[147.3944,44.7493],[147.3961,44.7493],[147.3969,44.7489],[147.3975,44.7484],[147.3973,44.7479],[147.3976,44.7479],[147.3979,44.7483],[147.3978,44.7487],[147.3974,44.749],[147.3974,44.7493],[147.3981,44.7496],[147.3986,44.7506],[147.3991,44.751],[147.3996,44.7512],[147.4007,44.7512],[147.4014,44.7517],[147.4014,44.7524],[147.402,44.7536],[147.4024,44.754],[147.4033,44.7546],[147.4052,44.7559],[147.4058,44.7562],[147.4064,44.7564],[147.4068,44.7567],[147.4073,44.7568],[147.4092,44.7572],[147.4096,44.7574],[147.4095,44.7576],[147.4097,44.7582],[147.4109,44.7593],[147.4116,44.7599],[147.4132,44.7609],[147.4153,44.7619],[147.4159,44.7621],[147.4182,44.7632],[147.4202,44.7641],[147.4212,44.7646],[147.4228,44.7651],[147.4245,44.7656],[147.4264,44.7657],[147.4285,44.7658],[147.4296,44.7657],[147.4303,44.7656],[147.4311,44.7653],[147.432,44.7646],[147.4333,44.7642],[147.4336,44.7643],[147.4337,44.7648],[147.4335,44.7655],[147.4336,44.766],[147.4343,44.7672],[147.435,44.7681],[147.4355,44.7688],[147.4361,44.7694],[147.4368,44.7698],[147.4375,44.7701],[147.4378,44.7704],[147.4381,44.7712],[147.4383,44.7715],[147.4399,44.7725],[147.4406,44.7728],[147.4423,44.7736],[147.4436,44.7741],[147.4448,44.7743],[147.446,44.7747],[147.4465,44.7747],[147.4474,44.7747],[147.448,44.7742],[147.4477,44.7738],[147.4478,44.7735],[147.4481,44.7733],[147.4488,44.7737],[147.4487,44.7733],[147.4494,44.7727],[147.4508,44.7727],[147.4512,44.773],[147.4511,44.7733],[147.4504,44.7735],[147.45,44.7738],[147.4498,44.7742],[147.4499,44.7747],[147.4503,44.7755],[147.4513,44.7762],[147.4526,44.7768],[147.4539,44.7772],[147.4545,44.7774],[147.4567,44.7782],[147.4573,44.7783],[147.459,44.7788],[147.461,44.7795],[147.4625,44.7799],[147.4634,44.7799],[147.4639,44.7795],[147.4645,44.7793],[147.4655,44.7792],[147.4664,44.7792],[147.4671,44.7793],[147.4681,44.7793],[147.4697,44.7792],[147.4704,44.7793],[147.4706,44.7797],[147.4709,44.7795],[147.4721,44.7793],[147.4728,44.7797],[147.4727,44.78],[147.4732,44.7803],[147.4735,44.7812],[147.474,44.7818],[147.4748,44.7819],[147.4783,44.7816],[147.4793,44.7816],[147.4805,44.7819],[147.482,44.7822],[147.4825,44.7823],[147.4832,44.7821],[147.4838,44.7819],[147.4846,44.7813],[147.485,44.7812],[147.4862,44.7812],[147.4868,44.7814],[147.4877,44.782],[147.4895,44.783],[147.4902,44.7835],[147.4907,44.7841],[147.4916,44.7848],[147.4929,44.7854],[147.4934,44.7858],[147.4942,44.7867],[147.4948,44.787],[147.4953,44.7877],[147.4957,44.7886],[147.496,44.7902],[147.4963,44.7912],[147.4967,44.7916],[147.4969,44.7923],[147.4966,44.793],[147.4966,44.7933],[147.4967,44.7945],[147.4967,44.7961],[147.4965,44.7966],[147.496,44.7971],[147.4956,44.7981],[147.4962,44.7998],[147.4964,44.8001],[147.4976,44.801],[147.4985,44.8019],[147.4995,44.8026],[147.5004,44.8034],[147.5012,44.8045],[147.5013,44.805],[147.5021,44.8051],[147.5027,44.8055],[147.5046,44.8065],[147.5061,44.8074],[147.5075,44.8084],[147.5095,44.8097],[147.5112,44.8105],[147.5122,44.8111],[147.514,44.8118],[147.5153,44.8124],[147.516,44.8127],[147.5179,44.8133],[147.5191,44.8137],[147.5211,44.8144],[147.5231,44.8148],[147.5244,44.8153],[147.5254,44.8155],[147.5271,44.8159],[147.5296,44.8163],[147.53,44.8164],[147.532,44.8165],[147.5342,44.8165],[147.5358,44.8161],[147.5368,44.8157],[147.5387,44.8149],[147.5398,44.8144],[147.5406,44.8143],[147.5412,44.8143],[147.5417,44.8144],[147.5427,44.815],[147.5437,44.816],[147.5443,44.8164],[147.5455,44.8166],[147.5469,44.8166],[147.548,44.8164],[147.5485,44.8161],[147.5492,44.8159],[147.5498,44.8159],[147.5503,44.8161],[147.5512,44.8166],[147.5516,44.817],[147.552,44.8178],[147.552,44.8196],[147.5523,44.8202],[147.5528,44.8205],[147.5536,44.821],[147.5547,44.8214],[147.5556,44.8217],[147.5569,44.8219],[147.5593,44.822],[147.5599,44.8221],[147.5608,44.8226],[147.5615,44.8235],[147.5619,44.824],[147.5623,44.825],[147.5632,44.8271],[147.5636,44.8278],[147.5644,44.8288],[147.5649,44.8294],[147.5659,44.8301],[147.5667,44.8305],[147.5682,44.831],[147.5685,44.8312],[147.57,44.8323],[147.5706,44.8328],[147.5721,44.8338],[147.5731,44.8346],[147.5739,44.8354],[147.5743,44.836],[147.5747,44.8365],[147.5753,44.8374],[147.5763,44.838],[147.5796,44.8394],[147.5811,44.84],[147.5816,44.8402],[147.5831,44.8412],[147.584,44.842],[147.5844,44.8424],[147.5846,44.8429],[147.5849,44.8433],[147.5856,44.8446],[147.586,44.8454],[147.5866,44.8461],[147.587,44.8464],[147.5879,44.8467],[147.5892,44.8474],[147.5899,44.8479],[147.5907,44.8485],[147.5912,44.8491],[147.592,44.8496],[147.5926,44.8501],[147.593,44.8506],[147.5936,44.851],[147.5951,44.8519],[147.5958,44.8524],[147.5969,44.8533],[147.5972,44.8537],[147.5974,44.8542],[147.5976,44.8551],[147.5976,44.8557],[147.5979,44.8571],[147.5979,44.858],[147.5974,44.859],[147.5972,44.8599],[147.5972,44.8608],[147.5973,44.8618],[147.5976,44.8629],[147.5982,44.8641],[147.5982,44.865],[147.5994,44.8665],[147.6006,44.8674],[147.6014,44.8684],[147.6016,44.8687],[147.6026,44.8708],[147.6038,44.8725],[147.6046,44.8734],[147.605,44.8743],[147.6057,44.8749],[147.6076,44.8761],[147.6087,44.8769],[147.6104,44.8781],[147.6117,44.8793],[147.6122,44.8799],[147.6126,44.8811],[147.6127,44.8824],[147.6131,44.8834],[147.6133,44.8838],[147.6136,44.8846],[147.6136,44.8852],[147.6141,44.8856],[147.6143,44.8862],[147.615,44.8877],[147.6153,44.8886],[147.616,44.8895],[147.6167,44.8901],[147.6172,44.8904],[147.618,44.8906],[147.6186,44.8909],[147.6204,44.8921],[147.6228,44.8942],[147.6233,44.8948],[147.6242,44.8965],[147.6251,44.8977],[147.6257,44.8984],[147.6262,44.8991],[147.6274,44.9],[147.6278,44.9006],[147.6285,44.9011],[147.6294,44.9019],[147.63,44.9027],[147.6304,44.9037],[147.631,44.9047],[147.6323,44.9061],[147.6333,44.9067],[147.6336,44.9069],[147.634,44.9077],[147.6352,44.9091],[147.6359,44.91],[147.6365,44.9105],[147.6378,44.9111],[147.6384,44.9118],[147.6386,44.9125],[147.6392,44.9132],[147.6404,44.9143],[147.6413,44.9148],[147.6423,44.9153],[147.6437,44.9158],[147.6447,44.9161],[147.6458,44.9164],[147.6466,44.9167],[147.6489,44.9173],[147.65,44.9175],[147.6508,44.9181],[147.6514,44.9188],[147.6516,44.9191],[147.6518,44.9199],[147.6519,44.9226],[147.6518,44.9231],[147.6513,44.924],[147.6509,44.9244],[147.65,44.9248],[147.6486,44.9254],[147.6456,44.9265],[147.6445,44.9266],[147.6437,44.9265],[147.6423,44.9263],[147.6416,44.9261],[147.6397,44.926],[147.6369,44.9261],[147.6359,44.9262],[147.6348,44.9265],[147.6335,44.9269],[147.6313,44.9278],[147.6307,44.9282],[147.6298,44.9292],[147.6297,44.9298],[147.6296,44.93],[147.629,44.9293],[147.6285,44.9292],[147.6282,44.929],[147.6276,44.9291],[147.6272,44.9293],[147.6259,44.9304],[147.6255,44.9305],[147.6224,44.9325],[147.6207,44.9332],[147.6188,44.9337],[147.618,44.9337],[147.6175,44.934],[147.6171,44.9343],[147.6173,44.9347],[147.6173,44.935],[147.6163,44.9351],[147.6158,44.9353],[147.6157,44.9361],[147.6142,44.9365],[147.6136,44.937],[147.6124,44.9376],[147.6121,44.9381],[147.6115,44.9386],[147.6112,44.9392],[147.611,44.9397],[147.611,44.9407],[147.611,44.9418],[147.611,44.9429],[147.6114,44.9465],[147.6118,44.9476],[147.612,44.9489],[147.6122,44.9494],[147.6125,44.9506],[147.613,44.9519],[147.6133,44.9531],[147.6136,44.9538],[147.6145,44.9558],[147.6147,44.9566],[147.6152,44.9575],[147.616,44.9588],[147.6169,44.9608],[147.6173,44.961],[147.618,44.9611],[147.6184,44.9606],[147.6188,44.9607],[147.6191,44.9613],[147.6198,44.9618],[147.6193,44.9619],[147.6192,44.9622],[147.6194,44.9625],[147.6192,44.9627],[147.6201,44.9629],[147.621,44.9634],[147.6212,44.9641],[147.6203,44.9643],[147.6198,44.9643],[147.6194,44.9647],[147.6195,44.965],[147.6208,44.9653],[147.6207,44.9656],[147.6209,44.9659],[147.6223,44.9673],[147.6227,44.9682],[147.6231,44.9685],[147.6235,44.969],[147.6238,44.9694],[147.6244,44.97],[147.6249,44.9708],[147.6255,44.9715],[147.6261,44.972],[147.6271,44.973],[147.6277,44.9734],[147.6293,44.9751],[147.6298,44.9756],[147.6305,44.9766],[147.6314,44.9776],[147.6322,44.9781],[147.6331,44.9787],[147.6335,44.9795],[147.6344,44.9799],[147.6348,44.9803],[147.6351,44.9808],[147.6357,44.9812],[147.6366,44.9822],[147.6374,44.9829],[147.6381,44.9833],[147.6384,44.9837],[147.6404,44.9849],[147.6428,44.9865],[147.6439,44.9873],[147.6457,44.9885],[147.6469,44.9895],[147.6479,44.9901],[147.6497,44.9915],[147.6501,44.9917],[147.6527,44.9932],[147.6544,44.9942],[147.6573,44.9957],[147.6584,44.9961],[147.66,44.9969],[147.6622,44.9979],[147.664,44.9986],[147.6675,44.9999],[147.6687,45.0003],[147.6717,45.0014],[147.6722,45.0016],[147.6751,45.0026],[147.6771,45.0032],[147.6791,45.0036],[147.6827,45.0042],[147.6837,45.0043],[147.6842,45.0045],[147.6855,45.0051],[147.6857,45.0052],[147.6877,45.0053],[147.6886,45.0054],[147.6915,45.0057],[147.6931,45.0058],[147.6946,45.0059],[147.6961,45.006],[147.6972,45.0061],[147.6999,45.0062],[147.7013,45.0063],[147.7051,45.0064],[147.7062,45.0064],[147.7068,45.0066],[147.7071,45.007],[147.7076,45.0072],[147.7083,45.0069],[147.7095,45.0066],[147.7098,45.0063],[147.7098,45.006],[147.7107,45.0058],[147.7145,45.0055],[147.7182,45.005],[147.7211,45.0044],[147.7224,45.0041],[147.7235,45.0037],[147.7249,45.0033],[147.7262,45.0028],[147.7275,45.0021],[147.728,45.0016],[147.7282,45.0009],[147.7281,44.9988],[147.7281,44.9972],[147.7284,44.9967],[147.7284,44.9962],[147.7292,44.9957],[147.7294,44.9952],[147.7294,44.9948],[147.7296,44.9941],[147.7296,44.9935],[147.7293,44.9932],[147.7296,44.9928],[147.7295,44.9918],[147.7292,44.9915],[147.7291,44.9906],[147.7291,44.99],[147.7289,44.9895],[147.729,44.9887],[147.7288,44.9884],[147.7288,44.9878],[147.7284,44.9873],[147.7282,44.9858],[147.7278,44.9844],[147.7278,44.9838],[147.7276,44.983],[147.7277,44.9823],[147.7275,44.9813],[147.7275,44.981],[147.7279,44.9803],[147.7284,44.9797],[147.7286,44.9788],[147.7297,44.9776],[147.7299,44.977],[147.7302,44.9768],[147.7334,44.9748],[147.734,44.974],[147.7348,44.9734],[147.7357,44.973],[147.7359,44.9725],[147.7367,44.9717],[147.7372,44.9711],[147.7382,44.9704],[147.739,44.9694],[147.7394,44.9691],[147.7411,44.9682],[147.7423,44.9672],[147.7435,44.9661],[147.7447,44.9655],[147.7458,44.9649],[147.747,44.9643],[147.7492,44.9636],[147.7508,44.9627],[147.7516,44.9617],[147.7523,44.9614],[147.7537,44.9609],[147.7546,44.9602],[147.756,44.9594],[147.7574,44.959],[147.7593,44.9583],[147.7616,44.9578],[147.7632,44.9574],[147.7643,44.957],[147.7667,44.956],[147.7681,44.9553],[147.7702,44.9541],[147.772,44.9528],[147.7726,44.9524],[147.7734,44.9518],[147.7742,44.9512],[147.7754,44.9504],[147.7761,44.9501],[147.7772,44.9497],[147.7784,44.9494],[147.7795,44.9492],[147.7805,44.9489],[147.7813,44.9485],[147.7828,44.9483],[147.7842,44.9478],[147.7848,44.9477],[147.7859,44.9475],[147.7882,44.9476],[147.7899,44.9475],[147.7905,44.9475],[147.7934,44.948],[147.7942,44.948],[147.7955,44.9482],[147.7961,44.9485],[147.7981,44.9492],[147.7986,44.9493],[147.7995,44.9496],[147.8004,44.9498],[147.8013,44.9503],[147.8039,44.9511],[147.8048,44.951],[147.8055,44.951],[147.8068,44.951],[147.8074,44.9511],[147.8082,44.9512],[147.8097,44.9515],[147.8108,44.9516],[147.8123,44.9519],[147.8145,44.9527],[147.8155,44.9532],[147.8165,44.9535],[147.8178,44.9537],[147.819,44.9541],[147.8205,44.9549],[147.8225,44.9558],[147.8237,44.9561],[147.8255,44.9559],[147.8262,44.9555],[147.827,44.9558],[147.8274,44.9561],[147.8268,44.9566],[147.8269,44.9571],[147.8277,44.9574],[147.8281,44.9577],[147.8287,44.9579],[147.8292,44.9582],[147.8296,44.9586],[147.8303,44.959],[147.8326,44.9601],[147.834,44.9606],[147.8345,44.9607],[147.8355,44.9606],[147.8368,44.9606],[147.8374,44.9611],[147.8377,44.9618],[147.8381,44.9621],[147.8389,44.9625],[147.8401,44.9624],[147.841,44.9625],[147.8425,44.963],[147.8431,44.9632],[147.8438,44.9637],[147.8449,44.9641],[147.8466,44.9645],[147.8501,44.9653],[147.8507,44.9654],[147.8527,44.9652],[147.8539,44.9651],[147.8546,44.9648],[147.8547,44.9645],[147.8552,44.9643],[147.8558,44.9641],[147.8569,44.9642],[147.858,44.9645],[147.859,44.9647],[147.8619,44.9659],[147.8625,44.9659],[147.8638,44.9658],[147.8649,44.9658],[147.8659,44.9659],[147.8664,44.9661],[147.8668,44.9661],[147.8686,44.9655],[147.869,44.9657],[147.8696,44.9657],[147.8706,44.9655],[147.8726,44.9643],[147.8728,44.9639],[147.8734,44.964],[147.8735,44.9645],[147.8742,44.9644],[147.8743,44.9643],[147.8745,44.9637],[147.8738,44.9636],[147.8742,44.9631],[147.8742,44.9628],[147.8749,44.9626],[147.8752,44.9623],[147.8756,44.9624],[147.8755,44.9627],[147.8751,44.9627],[147.8751,44.963],[147.8754,44.9634],[147.8763,44.9633],[147.8763,44.9631],[147.8769,44.9629],[147.8767,44.9624],[147.8771,44.9624],[147.8781,44.9621],[147.8795,44.9623],[147.8799,44.9625],[147.8805,44.9626],[147.8811,44.9629],[147.8824,44.9628],[147.8817,44.9634],[147.8816,44.9637],[147.8812,44.9639],[147.8803,44.9641],[147.8807,44.9644],[147.8812,44.9641],[147.8826,44.9639],[147.8828,44.9641],[147.8827,44.9644],[147.8829,44.9646],[147.8835,44.9645],[147.8843,44.9645],[147.8845,44.9649],[147.8851,44.9652],[147.8852,44.9655],[147.8857,44.9656],[147.8861,44.9655],[147.8865,44.9655],[147.8873,44.9659],[147.8876,44.9665],[147.8873,44.9671],[147.8868,44.9677],[147.8869,44.968],[147.8872,44.9683],[147.8877,44.9683],[147.8885,44.9682],[147.8894,44.9684],[147.8901,44.9687],[147.8915,44.9685],[147.8926,44.9682],[147.8938,44.9677],[147.8957,44.9668],[147.8965,44.9661],[147.8965,44.9658],[147.8963,44.9657],[147.8959,44.9651],[147.8962,44.9647],[147.8967,44.9646],[147.8964,44.9637],[147.8955,44.9633],[147.8958,44.9631],[147.8953,44.9628],[147.8954,44.962],[147.8957,44.9617],[147.8963,44.9614],[147.8961,44.9609],[147.8965,44.9606],[147.8968,44.9614],[147.8973,44.9616],[147.8977,44.9615],[147.9006,44.9609],[147.901,44.9609],[147.9018,44.9609],[147.9024,44.961],[147.9042,44.961],[147.9045,44.961],[147.905,44.9613],[147.9054,44.9617],[147.907,44.9628],[147.908,44.9632],[147.9087,44.9638],[147.91,44.9647],[147.9107,44.9649],[147.9113,44.9653],[147.9114,44.9658],[147.9112,44.9666],[147.9103,44.9673],[147.9102,44.9676],[147.9106,44.968],[147.9098,44.9691],[147.9097,44.97],[147.91,44.9707],[147.9103,44.9707],[147.9114,44.9712],[147.9123,44.9717],[147.9129,44.9721],[147.9137,44.9723],[147.9144,44.9722],[147.9155,44.9717],[147.9155,44.9723],[147.916,44.9917],[147.9165,45.0083],[147.917,45.0286],[147.9126,45.0324],[147.9019,45.0405],[147.887,45.0518],[147.8736,45.062],[147.8583,45.0736],[147.8423,45.0857],[147.823,45.1003],[147.806,45.1133],[147.7875,45.1273],[147.7733,45.138],[147.7618,45.1468],[147.7455,45.1591],[147.7446,45.1595],[147.744,45.1599],[147.7423,45.1606],[147.7405,45.1621],[147.7396,45.1633],[147.7372,45.1654],[147.7351,45.1674],[147.7344,45.1679],[147.7334,45.1691],[147.7316,45.1702],[147.7304,45.1707],[147.7297,45.1715],[147.7292,45.1718],[147.7285,45.1719],[147.7262,45.1725],[147.7252,45.1726],[147.7244,45.1728],[147.7235,45.1732],[147.7225,45.1731],[147.7213,45.1734]]],[[[146.9749,44.6521],[146.9753,44.6516],[146.9753,44.6507],[146.9756,44.6505],[146.9754,44.65],[146.9761,44.65],[146.9765,44.6497],[146.9769,44.6493],[146.9776,44.6498],[146.978,44.6502],[146.9781,44.6509],[146.9779,44.6513],[146.9784,44.6516],[146.9791,44.6518],[146.9795,44.6524],[146.9795,44.6527],[146.9794,44.6531],[146.9791,44.6531],[146.9785,44.6536],[146.9782,44.6541],[146.9774,44.6544],[146.9772,44.654],[146.9768,44.6539],[146.9766,44.6536],[146.9761,44.6534],[146.9758,44.653],[146.9755,44.6528],[146.9752,44.6526],[146.9748,44.6524],[146.9749,44.6521]]],[[[147.2662,44.6058],[147.2669,44.6058],[147.2677,44.6057],[147.2685,44.6059],[147.269,44.6067],[147.2695,44.6068],[147.2697,44.6071],[147.2695,44.6073],[147.2688,44.6074],[147.2685,44.6077],[147.2678,44.6078],[147.2676,44.6081],[147.2668,44.6084],[147.2654,44.6079],[147.2657,44.6075],[147.2653,44.6075],[147.2652,44.6069],[147.2655,44.6066],[147.266,44.6064],[147.2657,44.6061],[147.2658,44.6058],[147.2662,44.6058]]],[[[147.2078,44.5687],[147.208,44.5685],[147.2084,44.5684],[147.2085,44.568],[147.2081,44.5676],[147.2082,44.5673],[147.2088,44.5675],[147.2096,44.5682],[147.2101,44.5683],[147.2109,44.5691],[147.2098,44.5691],[147.2096,44.5693],[147.2099,44.5699],[147.21,44.5703],[147.2096,44.5704],[147.2095,44.5699],[147.2087,44.5695],[147.2087,44.5693],[147.208,44.569],[147.2078,44.5687]]],[[[147.3037,44.6665],[147.304,44.6666],[147.3047,44.6668],[147.3047,44.6672],[147.3041,44.6675],[147.3039,44.668],[147.3035,44.668],[147.3029,44.6678],[147.3021,44.6674],[147.3024,44.6669],[147.3024,44.6665],[147.3026,44.6663],[147.303,44.6662],[147.3037,44.6665]]],[[[147.2929,44.6609],[147.2924,44.661],[147.2922,44.6605],[147.2924,44.6602],[147.2924,44.6598],[147.294,44.6602],[147.2936,44.6606],[147.2929,44.6609]]],[[[147.5058,44.9958],[147.5058,44.9963],[147.5046,44.9968],[147.504,44.9968],[147.504,44.9966],[147.5044,44.9961],[147.5048,44.9959],[147.5058,44.9958]]],[[[147.3025,44.6657],[147.302,44.6656],[147.3021,44.6651],[147.3031,44.6647],[147.3034,44.665],[147.3031,44.6652],[147.3032,44.6656],[147.3025,44.6657]]],[[[147.3784,44.7326],[147.3787,44.733],[147.3785,44.7334],[147.3781,44.7335],[147.3778,44.7325],[147.3774,44.7324],[147.3781,44.7321],[147.3784,44.7326]]],[[[147.3625,44.7189],[147.3624,44.7185],[147.3629,44.7182],[147.363,44.718],[147.3637,44.7178],[147.3643,44.7179],[147.3643,44.7181],[147.3629,44.7186],[147.3625,44.7189]]],[[[147.3979,44.7473],[147.3973,44.7472],[147.3979,44.7467],[147.3983,44.7461],[147.3989,44.7461],[147.3986,44.7464],[147.3984,44.7471],[147.3979,44.7473]]],[[[147.4104,44.7559],[147.4101,44.7559],[147.41,44.7553],[147.4102,44.7551],[147.4107,44.755],[147.4109,44.7556],[147.4114,44.756],[147.4111,44.7562],[147.4104,44.7559]]],[[[146.988,44.6545],[146.9883,44.6552],[146.9881,44.6556],[146.9876,44.6555],[146.9878,44.6551],[146.9876,44.6546],[146.9873,44.6543],[146.9876,44.654],[146.9879,44.6542],[146.988,44.6545]]],[[[147.2221,44.5811],[147.2217,44.581],[147.2218,44.5805],[147.2222,44.5801],[147.2225,44.5803],[147.2226,44.5809],[147.2221,44.5811]]],[[[147.4017,44.7512],[147.4012,44.7512],[147.4015,44.7507],[147.4024,44.7504],[147.403,44.7506],[147.4024,44.751],[147.4017,44.7512]]],[[[147.2378,44.5933],[147.2375,44.5933],[147.2373,44.5929],[147.2381,44.5924],[147.2386,44.5931],[147.2378,44.5933]]],[[[147.3279,44.6977],[147.327,44.6976],[147.3268,44.6975],[147.3274,44.6972],[147.3279,44.6972],[147.3282,44.6969],[147.3285,44.6973],[147.3279,44.6977]]],[[[147.5199,45.1121],[147.5207,45.1123],[147.5203,45.1132],[147.5198,45.1131],[147.5197,45.1124],[147.5199,45.1121]]],[[[146.9839,44.4444],[146.9839,44.4441],[146.9844,44.4438],[146.9849,44.444],[146.9849,44.4442],[146.9846,44.4446],[146.9843,44.4447],[146.9839,44.4444]]],[[[147.2186,44.5774],[147.2179,44.5775],[147.2175,44.5774],[147.2174,44.577],[147.2176,44.5769],[147.2181,44.5769],[147.2186,44.5774]]],[[[147.3284,44.6985],[147.3281,44.6982],[147.3284,44.6978],[147.3288,44.6977],[147.3292,44.698],[147.3292,44.6983],[147.3284,44.6985]]],[[[147.3076,44.6781],[147.3084,44.6781],[147.3087,44.678],[147.3092,44.6781],[147.309,44.6783],[147.3083,44.6784],[147.3081,44.6787],[147.3078,44.6786],[147.3076,44.6781]]],[[[147.4945,45.1094],[147.4949,45.1098],[147.4941,45.1099],[147.4934,45.1097],[147.4937,45.1094],[147.494,45.1096],[147.4945,45.1094]]],[[[147.3984,44.7493],[147.3983,44.7488],[147.3988,44.7488],[147.399,44.7493],[147.399,44.7496],[147.3985,44.7495],[147.3984,44.7493]]],[[[147.9105,44.9636],[147.9109,44.9641],[147.9115,44.9645],[147.911,44.9645],[147.9103,44.9638],[147.9105,44.9636]]],[[[146.9835,44.4433],[146.9844,44.4429],[146.9841,44.4436],[146.9835,44.4433]]],[[[147.435,44.7623],[147.4346,44.7625],[147.4343,44.7625],[147.4343,44.7621],[147.4347,44.7617],[147.435,44.7617],[147.4351,44.762],[147.435,44.7623]]],[[[147.1869,44.5685],[147.187,44.5682],[147.1874,44.5679],[147.1877,44.5682],[147.1869,44.5685]]],[[[147.1841,44.5688],[147.1843,44.5682],[147.1848,44.5682],[147.1846,44.5686],[147.1841,44.5688]]],[[[147.3654,44.722],[147.3649,44.7217],[147.3654,44.7215],[147.3659,44.7216],[147.3654,44.722]]],[[[147.398,44.7483],[147.398,44.748],[147.3985,44.7478],[147.399,44.748],[147.3986,44.7483],[147.398,44.7483]]],[[[147.3556,44.7204],[147.3557,44.7201],[147.3561,44.7204],[147.3558,44.7207],[147.3556,44.7204]]],[[[147.6206,44.9615],[147.6209,44.9615],[147.621,44.9618],[147.6208,44.962],[147.6203,44.962],[147.6203,44.9616],[147.6206,44.9615]]],[[[147.3762,44.7323],[147.3757,44.7325],[147.3756,44.7323],[147.3757,44.7319],[147.3761,44.7319],[147.3762,44.7323]]],[[[147.5748,45.0927],[147.575,45.0924],[147.5755,45.0927],[147.5752,45.093],[147.5748,45.0927]]],[[[146.9852,44.6533],[146.9858,44.6534],[146.9859,44.6536],[146.9853,44.6537],[146.9849,44.6535],[146.9852,44.6533]]],[[[147.911,44.9705],[147.911,44.9701],[147.9115,44.9704],[147.911,44.9705]]],[[[147.5277,45.0708],[147.5278,45.0711],[147.5275,45.0716],[147.5272,45.0716],[147.5277,45.0708]]],[[[147.9129,44.971],[147.9131,44.9713],[147.9126,44.9715],[147.9124,44.9712],[147.9129,44.971]]],[[[147.437,44.7635],[147.4365,44.7637],[147.4365,44.7633],[147.437,44.7635]]],[[[147.9054,44.9609],[147.9049,44.9608],[147.9049,44.9605],[147.9054,44.9606],[147.9054,44.9609]]],[[[147.8249,44.9554],[147.825,44.9552],[147.8256,44.955],[147.8256,44.9552],[147.8249,44.9554]]]]},"properties":{"name":"留別村","code":"01698"}},
{"type":"Feature","geometry":{"type":"MultiPolygon","coordinates":[[[[147.9155,44.9717],[147.9158,44.9716],[147.9157,44.9713],[147.9163,44.9708],[147.9174,44.9705],[147.9178,44.9701],[147.9176,44.9696],[147.918,44.9696],[147.9187,44.9698],[147.919,44.9702],[147.9194,44.9703],[147.9206,44.9708],[147.9211,44.9714],[147.9211,44.9723],[147.9207,44.9728],[147.9209,44.9734],[147.9217,44.9741],[147.9225,44.9748],[147.9232,44.9753],[147.9239,44.976],[147.9241,44.9764],[147.9242,44.9775],[147.9238,44.9793],[147.924,44.9796],[147.9246,44.9804],[147.9261,44.9819],[147.9278,44.9831],[147.9293,44.9844],[147.9314,44.9859],[147.9326,44.9867],[147.9347,44.9882],[147.9356,44.9885],[147.9364,44.9886],[147.937,44.9886],[147.9383,44.9884],[147.939,44.9887],[147.94,44.9889],[147.941,44.9895],[147.9428,44.9903],[147.9433,44.9904],[147.9437,44.9901],[147.944,44.9903],[147.9445,44.9897],[147.9447,44.9893],[147.9452,44.9896],[147.9461,44.9896],[147.9459,44.99],[147.946,44.9904],[147.946,44.9909],[147.9465,44.9911],[147.9466,44.9913],[147.9475,44.9912],[147.9479,44.9915],[147.948,44.992],[147.9477,44.9923],[147.9478,44.9932],[147.948,44.9936],[147.9483,44.9939],[147.9488,44.9942],[147.9495,44.9943],[147.9503,44.9948],[147.9508,44.9956],[147.9511,44.9958],[147.9519,44.9962],[147.9539,44.9969],[147.9547,44.997],[147.9564,44.9976],[147.9569,44.9977],[147.9588,44.9985],[147.9596,44.9983],[147.9621,44.9992],[147.9623,44.9996],[147.9628,44.9997],[147.9633,44.9998],[147.964,44.9994],[147.9649,44.9992],[147.9655,44.9995],[147.9653,44.9999],[147.9662,45.0003],[147.9664,45.0006],[147.9668,45.0008],[147.9672,45.0009],[147.9674,45.0006],[147.9681,45.0005],[147.9679,45.0009],[147.9684,45.0011],[147.9704,45.001],[147.9713,45.0009],[147.9722,45.0008],[147.9726,45.0008],[147.9734,45.0011],[147.9746,45.0017],[147.9753,45.002],[147.976,45.0021],[147.9766,45.002],[147.9777,45.002],[147.9791,45.0018],[147.9795,45.002],[147.9804,45.0022],[147.9808,45.0022],[147.981,45.0025],[147.9822,45.003],[147.9825,45.0032],[147.984,45.0042],[147.9844,45.0047],[147.984,45.0051],[147.9841,45.0054],[147.9844,45.0058],[147.9842,45.0061],[147.9844,45.0065],[147.9852,45.007],[147.9859,45.0077],[147.9866,45.0077],[147.9863,45.0084],[147.986,45.0088],[147.986,45.0093],[147.9866,45.0098],[147.9871,45.0106],[147.9874,45.0114],[147.9876,45.0118],[147.9884,45.0124],[147.9897,45.0128],[147.9902,45.0127],[147.9905,45.0132],[147.9911,45.0138],[147.9914,45.0144],[147.9923,45.0148],[147.9927,45.0148],[147.9926,45.0152],[147.9929,45.0158],[147.9936,45.0161],[147.9941,45.0162],[147.9949,45.0167],[147.9952,45.0174],[147.9956,45.0179],[147.9958,45.0188],[147.996,45.0191],[147.996,45.0198],[147.9963,45.0204],[147.9973,45.0214],[147.9977,45.0221],[147.9978,45.0225],[147.9982,45.0236],[147.9984,45.0244],[147.9993,45.0257],[148.0001,45.0256],[148.0001,45.0259],[148.0012,45.027],[148.0016,45.0273],[148.0027,45.0282],[148.0037,45.0286],[148.0041,45.0287],[148.0053,45.0286],[148.0058,45.0288],[148.0067,45.0292],[148.007,45.0295],[148.0071,45.0302],[148.008,45.0314],[148.008,45.0318],[148.0078,45.0329],[148.0078,45.0344],[148.0083,45.0355],[148.0086,45.0358],[148.009,45.0359],[148.0104,45.0359],[148.0107,45.036],[148.0107,45.0364],[148.0109,45.0367],[148.0113,45.0369],[148.0117,45.0369],[148.0121,45.0375],[148.012,45.0379],[148.0118,45.0387],[148.0122,45.0393],[148.0126,45.0397],[148.0138,45.0404],[148.0144,45.0403],[148.0154,45.0408],[148.0157,45.041],[148.0161,45.0422],[148.0165,45.0431],[148.017,45.0438],[148.0191,45.0457],[148.0196,45.0459],[148.0202,45.046],[148.0211,45.0458],[148.0216,45.046],[148.0229,45.047],[148.0233,45.0472],[148.0237,45.0472],[148.0244,45.0469],[148.0246,45.047],[148.0255,45.0477],[148.0264,45.048],[148.0261,45.0483],[148.0264,45.0489],[148.0265,45.0493],[148.0262,45.0502],[148.0257,45.0508],[148.0262,45.0518],[148.0265,45.052],[148.027,45.0522],[148.0272,45.0526],[148.028,45.0527],[148.0291,45.0535],[148.0291,45.0537],[148.0286,45.0546],[148.0286,45.0551],[148.0293,45.0564],[148.03,45.0569],[148.0307,45.0572],[148.0315,45.057],[148.0319,45.0571],[148.0321,45.0577],[148.0326,45.0582],[148.0328,45.0587],[148.0331,45.0588],[148.0349,45.0595],[148.0351,45.0599],[148.0359,45.0603],[148.037,45.0613],[148.0379,45.062],[148.0382,45.0625],[148.0385,45.0636],[148.0391,45.0642],[148.0401,45.0648],[148.0411,45.0653],[148.0418,45.0654],[148.0426,45.0654],[148.0448,45.0657],[148.0454,45.0659],[148.0465,45.0659],[148.0477,45.066],[148.0486,45.0659],[148.0497,45.066],[148.0508,45.0658],[148.0514,45.0653],[148.0517,45.0655],[148.0515,45.0658],[148.0517,45.066],[148.0531,45.0657],[148.0534,45.0658],[148.0537,45.0662],[148.0538,45.0665],[148.0535,45.0671],[148.0537,45.0672],[148.0546,45.0669],[148.055,45.067],[148.055,45.0673],[148.0552,45.0676],[148.0553,45.068],[148.0548,45.0687],[148.0554,45.0691],[148.0555,45.0693],[148.0553,45.0698],[148.0553,45.0712],[148.0554,45.0715],[148.056,45.0717],[148.0566,45.0715],[148.0571,45.0712],[148.0573,45.0715],[148.0576,45.0715],[148.0576,45.071],[148.058,45.0709],[148.0599,45.0712],[148.0598,45.0716],[148.0601,45.072],[148.0597,45.0724],[148.0599,45.0726],[148.0604,45.0724],[148.061,45.0725],[148.0616,45.0731],[148.0618,45.0735],[148.0613,45.0739],[148.0616,45.0747],[148.0613,45.0751],[148.0602,45.0753],[148.0602,45.0755],[148.0614,45.0756],[148.062,45.0761],[148.0621,45.0763],[148.0619,45.0766],[148.0611,45.0767],[148.0605,45.0772],[148.0606,45.0775],[148.0614,45.0778],[148.0616,45.0781],[148.0622,45.0784],[148.0624,45.0786],[148.0624,45.079],[148.0618,45.0801],[148.062,45.0804],[148.0624,45.0808],[148.0628,45.0816],[148.064,45.0829],[148.0645,45.0834],[148.0653,45.0844],[148.0662,45.0855],[148.0669,45.0863],[148.0675,45.0867],[148.068,45.0869],[148.0692,45.0872],[148.0703,45.087],[148.0715,45.0871],[148.072,45.087],[148.0725,45.0872],[148.0727,45.0874],[148.0744,45.0879],[148.0745,45.0883],[148.0754,45.0889],[148.0753,45.0897],[148.0754,45.0903],[148.0757,45.0908],[148.0759,45.0914],[148.0757,45.0917],[148.0751,45.0923],[148.075,45.0928],[148.0753,45.0935],[148.076,45.0941],[148.0762,45.0943],[148.0772,45.0952],[148.0785,45.096],[148.0788,45.0963],[148.08,45.0967],[148.0807,45.0972],[148.0819,45.098],[148.0827,45.0986],[148.0833,45.0989],[148.0841,45.0991],[148.0852,45.1004],[148.0872,45.1017],[148.0879,45.1025],[148.0886,45.1038],[148.0891,45.1043],[148.0934,45.1079],[148.0968,45.1107],[148.0996,45.1126],[148.1046,45.1153],[148.1076,45.1171],[148.1113,45.1192],[148.1145,45.1207],[148.1172,45.1218],[148.1222,45.1243],[148.1237,45.1248],[148.1249,45.1249],[148.1266,45.125],[148.1277,45.1252],[148.1294,45.1257],[148.1315,45.1262],[148.1321,45.1265],[148.1324,45.1271],[148.1335,45.1283],[148.1338,45.1286],[148.1354,45.1298],[148.1381,45.1317],[148.1388,45.1323],[148.1408,45.1336],[148.1419,45.1342],[148.1442,45.1354],[148.1457,45.1362],[148.149,45.1378],[148.1517,45.139],[148.1527,45.1393],[148.1537,45.1396],[148.1545,45.1395],[148.1554,45.1388],[148.1572,45.1381],[148.1584,45.1378],[148.1593,45.1379],[148.1592,45.1385],[148.1585,45.1393],[148.1574,45.1401],[148.1572,45.1404],[148.1574,45.1412],[148.1579,45.1419],[148.1584,45.1424],[148.1591,45.1428],[148.1605,45.1435],[148.1624,45.1444],[148.1642,45.1454],[148.1668,45.1466],[148.1675,45.1469],[148.1687,45.1471],[148.1702,45.1472],[148.1716,45.1471],[148.1719,45.147],[148.1725,45.1464],[148.1728,45.1464],[148.1742,45.1465],[148.1745,45.1472],[148.175,45.1476],[148.1755,45.1479],[148.1763,45.1481],[148.1771,45.1482],[148.1775,45.1484],[148.1781,45.1489],[148.1788,45.1492],[148.1797,45.1494],[148.1813,45.1495],[148.182,45.1499],[148.1825,45.1499],[148.1835,45.1493],[148.1839,45.1494],[148.1844,45.1497],[148.186,45.1498],[148.1873,45.1492],[148.1886,45.1495],[148.1893,45.1494],[148.191,45.149],[148.1927,45.1491],[148.1933,45.1493],[148.1938,45.1497],[148.1953,45.1503],[148.1956,45.1507],[148.1952,45.1512],[148.1952,45.1517],[148.1958,45.1525],[148.1958,45.153],[148.1956,45.1534],[148.1957,45.1538],[148.1965,45.1541],[148.1972,45.1543],[148.198,45.1543],[148.1987,45.1542],[148.1995,45.1545],[148.1994,45.1548],[148.199,45.1549],[148.1986,45.1553],[148.1981,45.1555],[148.1979,45.1559],[148.1981,45.1568],[148.1984,45.1572],[148.1994,45.158],[148.1998,45.1583],[148.2014,45.1591],[148.2036,45.1601],[148.2042,45.1604],[148.2059,45.1609],[148.208,45.1613],[148.2086,45.1614],[148.2106,45.1618],[148.2125,45.1623],[148.2137,45.1628],[148.2146,45.1635],[148.2148,45.164],[148.2145,45.1647],[148.2141,45.1651],[148.2136,45.1655],[148.2126,45.1659],[148.2126,45.1661],[148.2133,45.1673],[148.2141,45.1683],[148.2144,45.1687],[148.2148,45.1691],[148.2164,45.1699],[148.2174,45.1705],[148.2182,45.1711],[148.2198,45.1721],[148.2205,45.1727],[148.2216,45.1734],[148.2233,45.1747],[148.2253,45.1759],[148.2266,45.1768],[148.2277,45.1774],[148.2301,45.1785],[148.2345,45.1809],[148.2356,45.1816],[148.2371,45.1824],[148.2402,45.1839],[148.2432,45.1851],[148.2458,45.1861],[148.2477,45.1868],[148.2492,45.1872],[148.251,45.1877],[148.2532,45.188],[148.2541,45.1882],[148.2557,45.1885],[148.2565,45.1885],[148.2576,45.1885],[148.2588,45.1881],[148.2592,45.1879],[148.2594,45.1875],[148.2592,45.1874],[148.2585,45.1865],[148.2584,45.1861],[148.2585,45.1855],[148.2594,45.1846],[148.2596,45.1844],[148.2605,45.1843],[148.2612,45.1841],[148.2634,45.1843],[148.2643,45.1847],[148.2646,45.1851],[148.2645,45.1858],[148.2652,45.1858],[148.2653,45.1853],[148.2655,45.1851],[148.2661,45.185],[148.2665,45.186],[148.2665,45.1863],[148.2662,45.1867],[148.2652,45.187],[148.2642,45.1878],[148.2638,45.1885],[148.2639,45.189],[148.2641,45.1893],[148.2647,45.1896],[148.2657,45.1894],[148.2663,45.1893],[148.2676,45.1895],[148.2683,45.1899],[148.2689,45.1904],[148.2689,45.191],[148.2684,45.1915],[148.268,45.1918],[148.2686,45.1923],[148.269,45.1924],[148.2699,45.1926],[148.2703,45.1927],[148.2714,45.1942],[148.2718,45.1945],[148.2729,45.195],[148.274,45.1952],[148.2748,45.1951],[148.2755,45.1947],[148.2762,45.1945],[148.2772,45.1941],[148.2781,45.1941],[148.2786,45.1943],[148.279,45.1947],[148.2797,45.1951],[148.2801,45.1959],[148.2804,45.196],[148.2804,45.1968],[148.2807,45.1972],[148.2806,45.1975],[148.2802,45.1977],[148.2803,45.198],[148.28,45.1985],[148.2795,45.1987],[148.2789,45.1987],[148.2785,45.199],[148.2779,45.1993],[148.2775,45.1995],[148.2775,45.2002],[148.2779,45.2009],[148.2783,45.2015],[148.2795,45.2024],[148.2805,45.2029],[148.283,45.2046],[148.2835,45.2051],[148.2845,45.2055],[148.2867,45.207],[148.2882,45.2076],[148.2887,45.2081],[148.2892,45.2083],[148.2905,45.2092],[148.2919,45.21],[148.2929,45.2105],[148.2938,45.211],[148.2953,45.2118],[148.2981,45.213],[148.2993,45.2134],[148.2999,45.2137],[148.3006,45.2142],[148.3011,45.2146],[148.3023,45.2151],[148.3068,45.2168],[148.3092,45.2176],[148.3107,45.2185],[148.3133,45.2191],[148.314,45.2194],[148.3157,45.22],[148.3167,45.2203],[148.3177,45.2205],[148.3187,45.2211],[148.3208,45.2215],[148.3217,45.2218],[148.3226,45.2219],[148.3241,45.2222],[148.3298,45.2228],[148.3328,45.223],[148.3348,45.223],[148.337,45.2226],[148.338,45.223],[148.3397,45.2234],[148.3408,45.2236],[148.3421,45.2239],[148.3435,45.2245],[148.3446,45.2248],[148.3456,45.225],[148.3469,45.2254],[148.3485,45.2254],[148.3496,45.2254],[148.3515,45.2256],[148.3529,45.2256],[148.3547,45.2254],[148.3558,45.225],[148.3562,45.225],[148.3572,45.2251],[148.3584,45.2251],[148.359,45.2253],[148.36,45.226],[148.3608,45.2263],[148.3619,45.2263],[148.3625,45.2265],[148.363,45.2269],[148.3635,45.227],[148.3649,45.227],[148.366,45.2273],[148.3654,45.2279],[148.3636,45.2285],[148.3623,45.2289],[148.3606,45.2292],[148.3553,45.23],[148.3507,45.2308],[148.35,45.2333],[148.3497,45.2426],[148.3489,45.2667],[148.3482,45.2863],[148.3482,45.2872],[148.3472,45.2873],[148.3467,45.2873],[148.3459,45.2876],[148.3456,45.288],[148.3449,45.2881],[148.3448,45.2885],[148.3454,45.2894],[148.3446,45.2899],[148.3443,45.2905],[148.3438,45.2907],[148.3433,45.2907],[148.3427,45.2911],[148.3425,45.2909],[148.3413,45.29],[148.3409,45.2898],[148.3399,45.289],[148.337,45.2883],[148.3362,45.288],[148.3351,45.2875],[148.3342,45.2872],[148.3328,45.2866],[148.332,45.2863],[148.3303,45.286],[148.3293,45.2858],[148.328,45.2853],[148.3261,45.2848],[148.3246,45.2844],[148.3229,45.2841],[148.3214,45.2836],[148.3201,45.2831],[148.3183,45.2825],[148.3169,45.2823],[148.3157,45.2819],[148.3148,45.2818],[148.3141,45.2815],[148.3115,45.2807],[148.3104,45.2805],[148.3093,45.2802],[148.3081,45.2799],[148.3068,45.2796],[148.3052,45.2792],[148.3033,45.2788],[148.3027,45.2786],[148.3013,45.2785],[148.3,45.2781],[148.2979,45.2776],[148.2959,45.2771],[148.2951,45.2768],[148.2943,45.2769],[148.2935,45.2768],[148.2926,45.2763],[148.2921,45.2761],[148.2897,45.2756],[148.2885,45.2753],[148.2863,45.2749],[148.2854,45.2747],[148.2827,45.2742],[148.2817,45.2741],[148.2808,45.2737],[148.2796,45.2735],[148.2781,45.2733],[148.276,45.2728],[148.275,45.2726],[148.274,45.2723],[148.2718,45.272],[148.2708,45.2718],[148.2696,45.2717],[148.2683,45.2714],[148.2668,45.2713],[148.2658,45.271],[148.2635,45.2708],[148.2625,45.2706],[148.2614,45.2704],[148.2605,45.2702],[148.2583,45.2699],[148.2571,45.2698],[148.2552,45.2694],[148.2529,45.2691],[148.2501,45.2685],[148.2493,45.2685],[148.2485,45.2683],[148.2475,45.268],[148.2464,45.268],[148.2442,45.2677],[148.2419,45.2672],[148.2407,45.267],[148.2391,45.2668],[148.2378,45.2665],[148.2355,45.2663],[148.2339,45.2662],[148.2328,45.2661],[148.231,45.2656],[148.2302,45.2654],[148.2281,45.2652],[148.2268,45.2653],[148.226,45.2652],[148.2253,45.265],[148.2242,45.2649],[148.2232,45.2647],[148.2225,45.2644],[148.2214,45.2642],[148.2196,45.2641],[148.2187,45.2641],[148.218,45.2641],[148.2151,45.2637],[148.2132,45.2634],[148.209,45.263],[148.2068,45.2627],[148.2046,45.2627],[148.2032,45.2626],[148.2014,45.2625],[148.1962,45.2618],[148.1928,45.2615],[148.1874,45.2608],[148.1842,45.2606],[148.1814,45.2603],[148.1802,45.2601],[148.1766,45.2598],[148.1753,45.2598],[148.1729,45.2595],[148.1721,45.2593],[148.1709,45.2593],[148.1686,45.2592],[148.1675,45.2592],[148.1673,45.2589],[148.1664,45.2586],[148.1648,45.2585],[148.1635,45.2584],[148.1622,45.2583],[148.1614,45.2583],[148.1588,45.2582],[148.1564,45.2582],[148.1554,45.2581],[148.1538,45.258],[148.1528,45.2578],[148.1507,45.2579],[148.1491,45.2581],[148.1484,45.258],[148.1473,45.2577],[148.1466,45.2576],[148.1454,45.2577],[148.1446,45.2576],[148.1427,45.2575],[148.1408,45.2573],[148.1389,45.257],[148.1374,45.2568],[148.1357,45.257],[148.1347,45.257],[148.1322,45.2568],[148.1298,45.2566],[148.1287,45.2566],[148.1271,45.2565],[148.1254,45.2565],[148.1226,45.2566],[148.1216,45.2565],[148.1196,45.2565],[148.1179,45.2566],[148.1159,45.2565],[148.1114,45.2566],[148.1092,45.2565],[148.1079,45.2565],[148.1048,45.2567],[148.1036,45.2567],[148.1023,45.2568],[148.1006,45.2569],[148.099,45.2571],[148.0981,45.257],[148.0969,45.2571],[148.0947,45.2576],[148.094,45.2576],[148.0926,45.2574],[148.0904,45.2574],[148.0894,45.2576],[148.0887,45.2579],[148.0883,45.2578],[148.0869,45.258],[148.0857,45.2581],[148.0841,45.2583],[148.0834,45.2582],[148.0822,45.2583],[148.0809,45.2585],[148.0802,45.2585],[148.0794,45.2586],[148.0787,45.2585],[148.0764,45.2589],[148.0751,45.2589],[148.0744,45.2591],[148.0735,45.2591],[148.0724,45.2594],[148.07,45.2594],[148.0692,45.2596],[148.0681,45.26],[148.0676,45.2599],[148.0671,45.2601],[148.0662,45.26],[148.0652,45.2604],[148.0637,45.2607],[148.0622,45.2609],[148.0612,45.2612],[148.0603,45.2612],[148.0589,45.2615],[148.057,45.2617],[148.0561,45.2619],[148.0545,45.2625],[148.0532,45.2627],[148.0521,45.2632],[148.0514,45.2631],[148.0507,45.2632],[148.0479,45.2641],[148.047,45.2642],[148.046,45.2645],[148.044,45.2649],[148.0432,45.2652],[148.0415,45.2656],[148.0402,45.266],[148.0387,45.2663],[148.0378,45.2667],[148.0367,45.2672],[148.0363,45.2673],[148.0348,45.2681],[148.0337,45.2691],[148.0323,45.2701],[148.0323,45.2707],[148.0314,45.2706],[148.0311,45.2707],[148.0295,45.271],[148.0291,45.2711],[148.028,45.2721],[148.0274,45.2732],[148.0278,45.2741],[148.0283,45.2746],[148.028,45.2761],[148.0276,45.2772],[148.0274,45.2781],[148.0274,45.2786],[148.0272,45.2794],[148.0268,45.2801],[148.027,45.2804],[148.0261,45.2807],[148.0258,45.2813],[148.025,45.2806],[148.0255,45.2803],[148.0252,45.28],[148.0247,45.2798],[148.0242,45.2799],[148.0238,45.2802],[148.0239,45.2806],[148.0234,45.2809],[148.0232,45.281],[148.0226,45.2807],[148.0221,45.2802],[148.0224,45.2801],[148.0222,45.2793],[148.021,45.279],[148.0201,45.2784],[148.0195,45.278],[148.0185,45.2782],[148.0172,45.2791],[148.0168,45.2796],[148.0169,45.2798],[148.0174,45.2803],[148.0186,45.2813],[148.019,45.281],[148.0194,45.2817],[148.02,45.2821],[148.0203,45.2826],[148.0206,45.2833],[148.021,45.2833],[148.0209,45.2837],[148.0206,45.2842],[148.0204,45.2851],[148.0202,45.2854],[148.0194,45.2858],[148.0189,45.2863],[148.0185,45.2882],[148.0179,45.2893],[148.0173,45.2898],[148.0168,45.29],[148.0161,45.2901],[148.0153,45.29],[148.0147,45.2898],[148.0145,45.2892],[148.0141,45.2887],[148.0131,45.2886],[148.0119,45.2887],[148.0111,45.2889],[148.0096,45.2896],[148.009,45.29],[148.0087,45.2903],[148.0085,45.2908],[148.0083,45.2923],[148.0083,45.2932],[148.0082,45.2937],[148.0078,45.2944],[148.0075,45.2952],[148.0069,45.296],[148.0061,45.2969],[148.006,45.2972],[148.0057,45.2984],[148.0053,45.2989],[148.0049,45.2992],[148.0043,45.3001],[148.0039,45.3011],[148.004,45.3017],[148.0044,45.3023],[148.0044,45.3036],[148.0046,45.304],[148.0053,45.3054],[148.0061,45.3071],[148.0062,45.3075],[148.0066,45.3082],[148.0067,45.3085],[148.0067,45.3093],[148.0064,45.3104],[148.0064,45.3107],[148.0061,45.3112],[148.0051,45.3124],[148.0048,45.3133],[148.0043,45.3139],[148.0037,45.3148],[148.0033,45.3158],[148.0033,45.3165],[148.0035,45.3176],[148.003,45.3184],[148.0025,45.319],[148.0016,45.3194],[148.0009,45.3199],[147.9998,45.3204],[147.9993,45.3208],[147.9987,45.3214],[147.9978,45.3225],[147.9972,45.3231],[147.9968,45.3237],[147.9967,45.3243],[147.9968,45.3254],[147.9972,45.3264],[147.9968,45.3264],[147.9963,45.3269],[147.9961,45.3276],[147.9961,45.3279],[147.9957,45.329],[147.9951,45.3298],[147.9951,45.3308],[147.9953,45.3315],[147.9956,45.3322],[147.9964,45.3331],[147.9969,45.3333],[147.9976,45.3334],[147.9982,45.3331],[147.9989,45.333],[147.9994,45.3327],[147.9996,45.3324],[148.0003,45.3324],[148.0005,45.3328],[147.9999,45.3328],[148,45.3332],[148.0004,45.3332],[148.0017,45.3339],[148.0024,45.334],[148.0025,45.3343],[148.003,45.3343],[148.0033,45.3339],[148.0039,45.3343],[148.0042,45.3342],[148.0046,45.3347],[148.0044,45.3348],[148.0048,45.3352],[148.0044,45.3354],[148.0042,45.336],[148.0038,45.3362],[148.0034,45.3362],[148.0028,45.3364],[148.0021,45.3373],[148.0017,45.3375],[148.0009,45.3374],[148.0006,45.3377],[148.001,45.3381],[148.0008,45.3384],[148.0002,45.3388],[148.0001,45.3392],[148.0003,45.3394],[148,45.3398],[148.0005,45.34],[148.0003,45.3408],[148,45.3413],[147.9995,45.3414],[147.9993,45.3416],[147.9995,45.342],[147.9991,45.342],[147.9988,45.3418],[147.9987,45.3414],[147.9981,45.341],[147.9976,45.341],[147.9973,45.3412],[147.997,45.3421],[147.9971,45.3425],[147.9977,45.3427],[147.9975,45.3429],[147.997,45.3431],[147.9963,45.3432],[147.9962,45.3434],[147.9958,45.3434],[147.9949,45.3432],[147.9943,45.3427],[147.9939,45.3431],[147.9931,45.3426],[147.9926,45.3428],[147.9918,45.3436],[147.9908,45.3444],[147.9897,45.3451],[147.9893,45.3456],[147.989,45.3462],[147.9884,45.3468],[147.988,45.3474],[147.9873,45.348],[147.9861,45.3491],[147.9847,45.3502],[147.984,45.3509],[147.9835,45.3518],[147.983,45.353],[147.9821,45.3545],[147.9818,45.3557],[147.9812,45.3566],[147.9811,45.3573],[147.9808,45.3579],[147.98,45.3588],[147.9789,45.3598],[147.9784,45.3604],[147.9781,45.3609],[147.9776,45.3626],[147.9773,45.3632],[147.9771,45.3644],[147.9768,45.3659],[147.9767,45.3665],[147.9762,45.3671],[147.976,45.3676],[147.9759,45.3684],[147.9754,45.3697],[147.9751,45.371],[147.9748,45.3716],[147.9748,45.3726],[147.9743,45.3733],[147.9736,45.3745],[147.973,45.376],[147.9726,45.3767],[147.9721,45.3771],[147.9719,45.3775],[147.9717,45.3776],[147.9711,45.3788],[147.9708,45.3794],[147.9701,45.3801],[147.9695,45.3809],[147.9694,45.3826],[147.9691,45.3832],[147.9691,45.3836],[147.9696,45.384],[147.9703,45.3843],[147.9712,45.3846],[147.972,45.3849],[147.9741,45.3862],[147.9748,45.3865],[147.975,45.3868],[147.9754,45.3872],[147.9749,45.3872],[147.9755,45.3877],[147.9756,45.388],[147.9752,45.3894],[147.9745,45.3898],[147.9739,45.3896],[147.9733,45.3901],[147.9726,45.3903],[147.9719,45.3901],[147.971,45.3902],[147.9702,45.3906],[147.9688,45.3916],[147.9688,45.3923],[147.9693,45.3929],[147.9699,45.3933],[147.9694,45.3937],[147.9687,45.3934],[147.9683,45.3935],[147.9679,45.3932],[147.9673,45.3933],[147.9667,45.3936],[147.9662,45.394],[147.9655,45.3951],[147.9652,45.3954],[147.9651,45.3959],[147.9656,45.3969],[147.9657,45.3974],[147.9654,45.3979],[147.9657,45.3983],[147.9668,45.3983],[147.9672,45.3987],[147.9668,45.399],[147.9665,45.3997],[147.9658,45.3998],[147.9654,45.3996],[147.9647,45.3997],[147.9642,45.4004],[147.9644,45.4005],[147.9654,45.4005],[147.9647,45.4009],[147.9638,45.4009],[147.9637,45.4015],[147.9646,45.4026],[147.9649,45.4024],[147.9652,45.4026],[147.9642,45.4031],[147.9637,45.4032],[147.9636,45.404],[147.9639,45.4049],[147.9637,45.4053],[147.9632,45.4063],[147.9632,45.4065],[147.9635,45.4068],[147.963,45.4069],[147.9628,45.4071],[147.9629,45.4076],[147.9632,45.4082],[147.9638,45.4085],[147.9639,45.4089],[147.9635,45.4093],[147.9629,45.41],[147.9634,45.4104],[147.9626,45.4109],[147.9631,45.4114],[147.9628,45.4115],[147.9625,45.4119],[147.9627,45.4122],[147.9622,45.4123],[147.9618,45.4125],[147.9618,45.413],[147.9623,45.4135],[147.963,45.4137],[147.963,45.4139],[147.9622,45.4142],[147.962,45.4149],[147.9623,45.4152],[147.9626,45.415],[147.963,45.4151],[147.9624,45.4154],[147.9626,45.4159],[147.9631,45.4161],[147.9626,45.4163],[147.9625,45.417],[147.9634,45.4172],[147.9631,45.4174],[147.9634,45.4181],[147.9637,45.4183],[147.9637,45.4192],[147.9643,45.4193],[147.9646,45.4195],[147.965,45.4192],[147.9653,45.4193],[147.9649,45.4197],[147.9648,45.4201],[147.9645,45.4203],[147.964,45.4203],[147.9622,45.4212],[147.9617,45.4212],[147.9625,45.4204],[147.9624,45.4202],[147.9613,45.4209],[147.9609,45.421],[147.9599,45.4209],[147.9592,45.4213],[147.9584,45.4209],[147.9575,45.4209],[147.9568,45.4207],[147.9561,45.4208],[147.9553,45.421],[147.9543,45.4213],[147.9531,45.4219],[147.9521,45.4228],[147.9526,45.4231],[147.9526,45.4235],[147.9518,45.4232],[147.9521,45.4237],[147.9517,45.4239],[147.9514,45.4237],[147.9506,45.4236],[147.9501,45.4234],[147.9492,45.4236],[147.9484,45.4241],[147.9478,45.4244],[147.9461,45.4251],[147.9456,45.4255],[147.9451,45.426],[147.9447,45.4267],[147.9441,45.4271],[147.9428,45.4279],[147.9423,45.4284],[147.9422,45.4295],[147.942,45.4302],[147.9415,45.4307],[147.9409,45.4309],[147.9394,45.431],[147.9386,45.4312],[147.9381,45.4318],[147.9371,45.4323],[147.9366,45.433],[147.9365,45.4335],[147.936,45.4334],[147.9356,45.4329],[147.9349,45.4329],[147.9341,45.4332],[147.933,45.4335],[147.9323,45.4339],[147.9319,45.4344],[147.9317,45.4344],[147.9313,45.4342],[147.9309,45.4342],[147.9309,45.4345],[147.9306,45.4347],[147.93,45.4347],[147.9294,45.4348],[147.9283,45.4352],[147.9273,45.4356],[147.9267,45.4361],[147.9263,45.4366],[147.926,45.4375],[147.9255,45.438],[147.9251,45.438],[147.9248,45.4377],[147.9242,45.4374],[147.923,45.4373],[147.9218,45.4367],[147.9212,45.4365],[147.9204,45.4361],[147.9187,45.4357],[147.9178,45.4355],[147.9159,45.4351],[147.9143,45.4346],[147.9135,45.4342],[147.9101,45.4325],[147.9091,45.4323],[147.9075,45.4315],[147.9043,45.4302],[147.9038,45.4299],[147.9029,45.4292],[147.9018,45.4283],[147.9009,45.4279],[147.9004,45.4275],[147.8994,45.4263],[147.8977,45.4251],[147.8958,45.4232],[147.8952,45.4224],[147.8946,45.4216],[147.8933,45.4201],[147.8928,45.4192],[147.8916,45.4181],[147.8907,45.4169],[147.8899,45.4162],[147.8895,45.4156],[147.8888,45.4143],[147.8882,45.4133],[147.8876,45.4128],[147.8863,45.4118],[147.8839,45.4097],[147.8827,45.4088],[147.8806,45.408],[147.8784,45.4072],[147.8773,45.4068],[147.8768,45.4065],[147.876,45.4058],[147.875,45.4041],[147.8742,45.4031],[147.8734,45.4026],[147.8722,45.4016],[147.8715,45.4009],[147.8712,45.4003],[147.8711,45.3995],[147.8713,45.399],[147.8719,45.3979],[147.8722,45.3972],[147.872,45.3961],[147.8712,45.395],[147.8695,45.393],[147.8686,45.3919],[147.8653,45.3887],[147.8644,45.3879],[147.8631,45.3869],[147.8628,45.3865],[147.8628,45.3859],[147.8622,45.3851],[147.8615,45.3844],[147.8611,45.3841],[147.8609,45.3837],[147.8614,45.383],[147.8613,45.3825],[147.8609,45.3821],[147.8604,45.3814],[147.8597,45.38],[147.859,45.3791],[147.8589,45.3786],[147.8583,45.3786],[147.8585,45.3772],[147.8566,45.3755],[147.8561,45.374],[147.855,45.3728],[147.8543,45.3722],[147.8535,45.3719],[147.8531,45.3721],[147.8527,45.3721],[147.852,45.3717],[147.8516,45.3712],[147.8514,45.3705],[147.8517,45.3701],[147.8518,45.3693],[147.8517,45.3691],[147.8509,45.3682],[147.8505,45.3679],[147.8499,45.3682],[147.85,45.3676],[147.8496,45.3675],[147.8492,45.367],[147.8489,45.3658],[147.8487,45.3647],[147.8489,45.3643],[147.8491,45.3635],[147.8505,45.3616],[147.8514,45.3604],[147.8523,45.3595],[147.8531,45.3581],[147.8538,45.3573],[147.8549,45.3552],[147.8551,45.3546],[147.8554,45.3542],[147.8557,45.3524],[147.8556,45.3517],[147.8554,45.3508],[147.855,45.3498],[147.8544,45.3488],[147.8538,45.3481],[147.8526,45.3469],[147.8522,45.3463],[147.8522,45.3457],[147.8524,45.3449],[147.8526,45.3441],[147.8529,45.3432],[147.8532,45.3424],[147.8533,45.3419],[147.8532,45.34],[147.8533,45.339],[147.8534,45.3382],[147.8541,45.3371],[147.8551,45.3359],[147.8564,45.3347],[147.8577,45.3333],[147.8581,45.3322],[147.8584,45.3309],[147.8588,45.3292],[147.8589,45.3276],[147.8586,45.3263],[147.8582,45.3249],[147.8573,45.3235],[147.8571,45.3231],[147.8573,45.3221],[147.8572,45.3218],[147.8568,45.3207],[147.8568,45.3202],[147.8571,45.3186],[147.8574,45.318],[147.8578,45.3178],[147.8587,45.3176],[147.8595,45.3172],[147.8601,45.3167],[147.8611,45.3162],[147.8615,45.3159],[147.8621,45.3151],[147.8623,45.3142],[147.8624,45.3127],[147.8628,45.3119],[147.8628,45.3113],[147.863,45.3109],[147.8628,45.3105],[147.8629,45.3096],[147.8631,45.309],[147.863,45.3087],[147.8625,45.308],[147.8621,45.3078],[147.8606,45.3074],[147.8609,45.3072],[147.8614,45.3072],[147.8618,45.3068],[147.8623,45.3069],[147.8633,45.3071],[147.8641,45.3069],[147.8648,45.3061],[147.8647,45.3057],[147.8651,45.3058],[147.8658,45.3051],[147.8659,45.3047],[147.8657,45.3044],[147.8664,45.3044],[147.8664,45.304],[147.8672,45.3038],[147.8683,45.3033],[147.8684,45.303],[147.8688,45.3028],[147.8688,45.3024],[147.8693,45.3024],[147.8695,45.3019],[147.8695,45.3016],[147.8701,45.3014],[147.8703,45.301],[147.8708,45.3],[147.8713,45.2988],[147.8716,45.2984],[147.872,45.2973],[147.8721,45.2965],[147.8723,45.2957],[147.8721,45.2953],[147.8716,45.2947],[147.8713,45.2942],[147.8711,45.2932],[147.8698,45.2927],[147.87,45.2921],[147.8703,45.2918],[147.8703,45.2913],[147.87,45.2908],[147.8694,45.2896],[147.869,45.2883],[147.8687,45.2876],[147.8683,45.2873],[147.8684,45.287],[147.869,45.2869],[147.8687,45.2864],[147.8693,45.2859],[147.8696,45.2855],[147.8697,45.2847],[147.8693,45.2839],[147.8691,45.2836],[147.8675,45.2839],[147.8673,45.2837],[147.8675,45.2835],[147.8671,45.2828],[147.8674,45.2826],[147.8672,45.2822],[147.867,45.2814],[147.8679,45.2804],[147.8692,45.2795],[147.8694,45.2792],[147.8695,45.2786],[147.8692,45.2779],[147.8692,45.2777],[147.8696,45.277],[147.87,45.2765],[147.8704,45.2757],[147.8703,45.2751],[147.87,45.2746],[147.8698,45.2744],[147.8696,45.2736],[147.8692,45.2728],[147.8686,45.2724],[147.8682,45.2712],[147.8682,45.2704],[147.8678,45.2695],[147.8679,45.2688],[147.8682,45.2681],[147.8681,45.2674],[147.8674,45.2667],[147.8671,45.266],[147.8672,45.2656],[147.867,45.2653],[147.8665,45.2649],[147.8664,45.2645],[147.8665,45.264],[147.8668,45.2635],[147.8673,45.2632],[147.8688,45.2624],[147.8693,45.2622],[147.8708,45.2619],[147.8725,45.262],[147.8732,45.2618],[147.8736,45.2615],[147.8746,45.2611],[147.8757,45.2605],[147.8772,45.2601],[147.8786,45.26],[147.8796,45.2597],[147.8799,45.2591],[147.8798,45.2584],[147.8811,45.2565],[147.8817,45.256],[147.8817,45.2555],[147.8816,45.2546],[147.8818,45.2531],[147.8818,45.252],[147.8816,45.2508],[147.8813,45.2501],[147.8809,45.2491],[147.8805,45.2487],[147.8804,45.2481],[147.8799,45.2469],[147.8797,45.2466],[147.8787,45.2454],[147.8783,45.2449],[147.878,45.2442],[147.8772,45.2431],[147.8764,45.2418],[147.8757,45.2412],[147.8751,45.241],[147.8739,45.2407],[147.8734,45.2404],[147.8716,45.239],[147.8712,45.2385],[147.8703,45.2371],[147.8686,45.2352],[147.8682,45.2346],[147.8678,45.2337],[147.8678,45.2331],[147.8683,45.2325],[147.869,45.2321],[147.8695,45.2315],[147.8699,45.2309],[147.8709,45.23],[147.8715,45.2297],[147.8717,45.2294],[147.8723,45.2292],[147.8726,45.2288],[147.8723,45.2284],[147.8723,45.228],[147.872,45.2274],[147.8717,45.227],[147.8711,45.226],[147.8697,45.2241],[147.8693,45.2236],[147.8678,45.2228],[147.8655,45.2216],[147.865,45.2215],[147.864,45.2213],[147.8635,45.2211],[147.8614,45.2202],[147.861,45.2197],[147.8606,45.219],[147.8603,45.2178],[147.8603,45.2169],[147.8599,45.2164],[147.8596,45.2164],[147.8589,45.216],[147.8582,45.2157],[147.8563,45.2151],[147.8558,45.2147],[147.8554,45.2142],[147.8552,45.2131],[147.8548,45.2121],[147.8542,45.2114],[147.8538,45.2111],[147.853,45.2107],[147.8522,45.2105],[147.8506,45.2104],[147.8497,45.2106],[147.8488,45.2109],[147.8482,45.2109],[147.8464,45.2101],[147.8463,45.2094],[147.8456,45.2087],[147.8454,45.2081],[147.8448,45.2077],[147.8437,45.2074],[147.8424,45.207],[147.8421,45.2072],[147.8412,45.2073],[147.8403,45.2074],[147.8398,45.2073],[147.839,45.2076],[147.8383,45.2077],[147.8379,45.208],[147.8382,45.2084],[147.838,45.2087],[147.8367,45.2091],[147.8367,45.2094],[147.8368,45.21],[147.8365,45.2108],[147.836,45.2116],[147.8356,45.2121],[147.8352,45.2118],[147.8351,45.2121],[147.8353,45.2124],[147.8346,45.2127],[147.8345,45.2129],[147.8332,45.2137],[147.8316,45.2141],[147.8314,45.214],[147.8309,45.2143],[147.8304,45.2149],[147.8305,45.2153],[147.8299,45.2158],[147.8288,45.2164],[147.8285,45.2164],[147.828,45.2167],[147.8276,45.2171],[147.8269,45.2174],[147.8263,45.2175],[147.8256,45.2176],[147.825,45.2174],[147.8248,45.2166],[147.8249,45.2163],[147.8249,45.2159],[147.824,45.2157],[147.8231,45.216],[147.8228,45.2169],[147.8226,45.217],[147.8215,45.2171],[147.8209,45.2173],[147.8205,45.2169],[147.8202,45.2168],[147.8187,45.217],[147.8184,45.2169],[147.8181,45.2165],[147.8172,45.2167],[147.8162,45.2166],[147.8155,45.2165],[147.8152,45.2163],[147.8148,45.2162],[147.8152,45.2155],[147.8156,45.2152],[147.8152,45.2148],[147.8147,45.2151],[147.8144,45.215],[147.8142,45.2145],[147.8147,45.2142],[147.8144,45.214],[147.814,45.2143],[147.8138,45.215],[147.8134,45.2151],[147.8131,45.215],[147.8127,45.2151],[147.8116,45.2148],[147.811,45.2144],[147.8105,45.2142],[147.8105,45.2146],[147.8101,45.2145],[147.8096,45.2146],[147.8091,45.2143],[147.809,45.214],[147.8092,45.2135],[147.8091,45.213],[147.8085,45.2128],[147.8081,45.2131],[147.8075,45.2127],[147.8073,45.2122],[147.8068,45.2123],[147.8057,45.2117],[147.8056,45.2114],[147.805,45.2112],[147.805,45.2108],[147.8044,45.2105],[147.8045,45.2102],[147.8043,45.2101],[147.8032,45.2097],[147.8015,45.2089],[147.8007,45.2086],[147.7991,45.2087],[147.7979,45.2084],[147.7967,45.2081],[147.7955,45.2081],[147.7949,45.2086],[147.7943,45.2085],[147.7935,45.2083],[147.7928,45.2083],[147.7925,45.2081],[147.7923,45.2077],[147.7917,45.2074],[147.7913,45.2068],[147.7906,45.2069],[147.7907,45.2077],[147.791,45.2083],[147.7907,45.2087],[147.7899,45.2086],[147.7894,45.2084],[147.7889,45.2086],[147.7884,45.2086],[147.7878,45.2088],[147.7874,45.2087],[147.7867,45.209],[147.7865,45.2089],[147.7868,45.2083],[147.7864,45.2084],[147.7859,45.2087],[147.7853,45.2081],[147.7847,45.2081],[147.7844,45.2074],[147.7835,45.2077],[147.7826,45.208],[147.7818,45.2079],[147.7814,45.2084],[147.7805,45.2085],[147.7799,45.2088],[147.7794,45.209],[147.7789,45.2087],[147.778,45.2079],[147.7774,45.2076],[147.777,45.2077],[147.7763,45.2078],[147.7759,45.2077],[147.7743,45.2068],[147.7738,45.2069],[147.773,45.2065],[147.7727,45.2062],[147.7728,45.2056],[147.7734,45.2049],[147.7733,45.2043],[147.7734,45.204],[147.7741,45.2039],[147.7742,45.2037],[147.7727,45.2035],[147.7726,45.2034],[147.7725,45.2028],[147.7717,45.202],[147.7712,45.2021],[147.7708,45.2019],[147.7713,45.2014],[147.7714,45.201],[147.7707,45.2007],[147.7699,45.2008],[147.7693,45.2007],[147.769,45.2],[147.7685,45.1996],[147.7684,45.198],[147.7681,45.1975],[147.7678,45.1973],[147.7685,45.1971],[147.7684,45.1968],[147.7677,45.196],[147.7676,45.1956],[147.7665,45.1951],[147.7658,45.195],[147.7639,45.1952],[147.7639,45.1958],[147.7629,45.1962],[147.7618,45.1961],[147.761,45.196],[147.7603,45.196],[147.7596,45.1964],[147.7589,45.1966],[147.7588,45.1969],[147.7578,45.1975],[147.7574,45.1972],[147.7569,45.1973],[147.7564,45.1972],[147.7559,45.1969],[147.7554,45.1968],[147.7547,45.1971],[147.7538,45.1966],[147.7532,45.1965],[147.7526,45.1964],[147.7522,45.1961],[147.7517,45.1961],[147.7506,45.1962],[147.75,45.1964],[147.7498,45.1966],[147.75,45.1971],[147.7499,45.1973],[147.7494,45.1974],[147.7485,45.1969],[147.7478,45.1964],[147.7475,45.1961],[147.7471,45.1961],[147.7464,45.1957],[147.7465,45.1955],[147.7456,45.195],[147.7447,45.1949],[147.7405,45.1941],[147.7383,45.1945],[147.7376,45.1945],[147.7372,45.1944],[147.7369,45.1941],[147.7365,45.194],[147.7361,45.1941],[147.7358,45.1937],[147.7349,45.1937],[147.7346,45.1934],[147.7347,45.193],[147.7346,45.1928],[147.7338,45.1923],[147.7337,45.1918],[147.7329,45.1915],[147.7325,45.1911],[147.7322,45.1905],[147.7311,45.1896],[147.7308,45.1893],[147.7307,45.1888],[147.7306,45.1878],[147.7305,45.186],[147.7307,45.185],[147.7313,45.184],[147.7319,45.1835],[147.7322,45.1831],[147.7323,45.1825],[147.7322,45.1819],[147.7317,45.1813],[147.7302,45.1798],[147.729,45.1777],[147.7286,45.1767],[147.7283,45.1761],[147.7279,45.1757],[147.7274,45.1754],[147.7268,45.1753],[147.7246,45.175],[147.7228,45.1749],[147.722,45.1747],[147.7216,45.1743],[147.7213,45.1734],[147.7225,45.1731],[147.7235,45.1732],[147.7244,45.1728],[147.7252,45.1726],[147.7262,45.1725],[147.7285,45.1719],[147.7292,45.1718],[147.7297,45.1715],[147.7304,45.1707],[147.7316,45.1702],[147.7334,45.1691],[147.7344,45.1679],[147.7351,45.1674],[147.7372,45.1654],[147.7396,45.1633],[147.7405,45.1621],[147.7423,45.1606],[147.744,45.1599],[147.7446,45.1595],[147.7455,45.1591],[147.7618,45.1468],[147.7733,45.138],[147.7875,45.1273],[147.806,45.1133],[147.823,45.1003],[147.8423,45.0857],[147.8583,45.0736],[147.8736,45.062],[147.887,45.0518],[147.9019,45.0405],[147.9126,45.0324],[147.917,45.0286],[147.9165,45.0083],[147.916,44.9917],[147.9155,44.9723],[147.9155,44.9717]]],[[[148.1363,45.1222],[148.1358,45.1224],[148.1359,45.1218],[148.1355,45.1215],[148.1347,45.1217],[148.1344,45.1211],[148.1345,45.1209],[148.1353,45.1207],[148.1361,45.1201],[148.1365,45.12],[148.137,45.1203],[148.1371,45.1206],[148.1372,45.1213],[148.1363,45.1222]]],[[[148.0068,45.0283],[148.0071,45.0289],[148.0067,45.0291],[148.0058,45.0286],[148.0051,45.0283],[148.0055,45.028],[148.0058,45.0283],[148.0063,45.0284],[148.0068,45.0283]]],[[[148.3305,45.2189],[148.3299,45.2185],[148.3301,45.2181],[148.3308,45.2181],[148.3311,45.2184],[148.3309,45.2188],[148.3305,45.2189]]],[[[148.134,45.1231],[148.1343,45.1231],[148.1356,45.1237],[148.1355,45.124],[148.1352,45.124],[148.1339,45.1233],[148.134,45.1231]]],[[[148.3349,45.2183],[148.3352,45.2182],[148.3357,45.2183],[148.3362,45.2187],[148.3359,45.219],[148.3356,45.219],[148.3349,45.2187],[148.3349,45.2183]]],[[[148.3367,45.2218],[148.3371,45.2216],[148.3376,45.2217],[148.3381,45.2221],[148.3378,45.2223],[148.3375,45.2223],[148.3368,45.2221],[148.3367,45.2218]]],[[[147.8501,45.3693],[147.8504,45.3691],[147.8511,45.3692],[147.8512,45.3694],[147.8509,45.3697],[147.8505,45.3699],[147.8501,45.3697],[147.8501,45.3693]]],[[[147.9632,45.412],[147.9637,45.4121],[147.9635,45.4126],[147.9628,45.4127],[147.9628,45.4124],[147.9632,45.412]]],[[[147.9212,44.9685],[147.9219,44.9683],[147.9218,44.9687],[147.9216,44.9688],[147.9206,44.9687],[147.9207,44.9683],[147.9212,44.9685]]],[[[148.1451,45.2616],[148.145,45.2621],[148.1444,45.262],[148.1444,45.2617],[148.1451,45.2616]]],[[[148.198,45.1539],[148.1981,45.1536],[148.1989,45.1538],[148.1988,45.1541],[148.1982,45.154],[148.198,45.1539]]],[[[147.951,44.9947],[147.9514,44.9944],[147.9518,44.9944],[147.9516,44.9948],[147.9511,44.995],[147.951,44.9947]]],[[[147.8486,45.3683],[147.8485,45.368],[147.8487,45.3677],[147.8491,45.368],[147.849,45.3683],[147.8486,45.3683]]],[[[147.9854,45.0036],[147.9855,45.0038],[147.9852,45.0042],[147.9849,45.0043],[147.9846,45.0039],[147.9854,45.0036]]],[[[148.1312,45.1244],[148.1315,45.1244],[148.1317,45.1247],[148.1302,45.1244],[148.1305,45.1242],[148.1312,45.1244]]],[[[147.9934,45.0145],[147.9931,45.0148],[147.9926,45.0146],[147.993,45.0144],[147.9934,45.0145]]],[[[148.2707,45.192],[148.2706,45.1923],[148.2698,45.1923],[148.2703,45.1919],[148.2707,45.192]]],[[[148.0083,45.0323],[148.0086,45.0318],[148.009,45.0319],[148.0085,45.0323],[148.0083,45.0323]]],[[[147.7799,45.209],[147.7805,45.2087],[147.7806,45.209],[147.7801,45.2091],[147.7799,45.209]]],[[[147.9551,44.9957],[147.9556,44.9956],[147.9556,44.9959],[147.9551,44.9957]]],[[[148.0028,45.319],[148.0033,45.319],[148.0031,45.3194],[148.0029,45.3194],[148.0028,45.319]]],[[[147.9645,45.4099],[147.9642,45.4097],[147.9643,45.4093],[147.9645,45.4093],[147.9645,45.4099]]],[[[147.9514,44.9934],[147.9516,44.9937],[147.9514,44.9939],[147.951,44.9937],[147.9514,44.9934]]],[[[148.1996,45.1544],[148.1997,45.154],[148.1999,45.154],[148.2001,45.1544],[148.1996,45.1544]]],[[[147.9501,44.9943],[147.9503,44.9936],[147.9505,44.9936],[147.9503,44.9943],[147.9501,44.9943]]],[[[147.9187,44.9692],[147.9186,44.9689],[147.9191,44.9688],[147.9189,44.9692],[147.9187,44.9692]]],[[[148.0336,45.0576],[148.0342,45.0577],[148.034,45.0579],[148.0336,45.0576]]]]},"properties":{"name":"紗那村","code":"01699"}},
{"type":"Feature","geometry":{"type":"MultiPolygon","coordinates":[[[[148.366,45.2273],[148.3668,45.2274],[148.3676,45.2274],[148.3684,45.2274],[148.3702,45.2273],[148.3721,45.2274],[148.3736,45.2275],[148.3748,45.2275],[148.3774,45.228],[148.3787,45.2283],[148.3797,45.2287],[148.3805,45.2292],[148.3811,45.2294],[148.382,45.2298],[148.3826,45.2299],[148.3833,45.2298],[148.3837,45.2296],[148.3844,45.2295],[148.3847,45.2301],[148.3846,45.2305],[148.385,45.2307],[148.3864,45.2309],[148.3874,45.2314],[148.3879,45.2318],[148.3895,45.2325],[148.3902,45.2331],[148.3911,45.2336],[148.3919,45.2338],[148.3928,45.2338],[148.3934,45.2337],[148.3936,45.2335],[148.3935,45.233],[148.394,45.2327],[148.3941,45.2324],[148.3951,45.2325],[148.3952,45.2327],[148.3955,45.2337],[148.3963,45.2337],[148.3971,45.2338],[148.3978,45.2337],[148.3986,45.2334],[148.3993,45.2333],[148.4001,45.233],[148.4007,45.2327],[148.4011,45.2325],[148.4013,45.2323],[148.4019,45.2321],[148.4015,45.2316],[148.402,45.2311],[148.4024,45.2312],[148.4028,45.2311],[148.4034,45.2311],[148.4042,45.2308],[148.4047,45.2311],[148.4053,45.2313],[148.4053,45.2316],[148.4049,45.2317],[148.4046,45.2322],[148.4033,45.2332],[148.4037,45.2342],[148.4041,45.2344],[148.4041,45.2347],[148.4048,45.2353],[148.4056,45.2357],[148.407,45.2362],[148.4075,45.2362],[148.4075,45.2359],[148.408,45.236],[148.4086,45.2357],[148.4091,45.236],[148.4089,45.2363],[148.4081,45.237],[148.4081,45.2375],[148.4085,45.238],[148.4091,45.2383],[148.4104,45.2386],[148.4113,45.239],[148.4123,45.2398],[148.4123,45.2404],[148.4125,45.2407],[148.4129,45.241],[148.4138,45.2415],[148.4145,45.2416],[148.4154,45.242],[148.4158,45.242],[148.4163,45.2425],[148.4171,45.2429],[148.4175,45.2433],[148.4178,45.2438],[148.4182,45.2442],[148.4188,45.2445],[148.4192,45.2444],[148.4194,45.2441],[148.4199,45.244],[148.4207,45.2441],[148.4213,45.2446],[148.4211,45.2449],[148.4214,45.2451],[148.4223,45.2453],[148.4227,45.2456],[148.4239,45.2461],[148.4247,45.2471],[148.4253,45.2473],[148.4272,45.2478],[148.4282,45.2478],[148.4296,45.2484],[148.4305,45.2491],[148.4316,45.2496],[148.4332,45.2505],[148.4335,45.2508],[148.4336,45.2512],[148.4342,45.2521],[148.4346,45.2524],[148.4355,45.2528],[148.4361,45.253],[148.4366,45.253],[148.438,45.2525],[148.4385,45.2525],[148.4392,45.2531],[148.4407,45.2534],[148.4419,45.2535],[148.4424,45.2535],[148.4425,45.2528],[148.4429,45.253],[148.4441,45.2526],[148.4441,45.2521],[148.4446,45.2518],[148.4448,45.2514],[148.4452,45.2513],[148.4453,45.2517],[148.4451,45.2523],[148.4456,45.2525],[148.4461,45.2521],[148.4467,45.2524],[148.447,45.2527],[148.4475,45.2527],[148.4486,45.2527],[148.4491,45.2525],[148.4504,45.2518],[148.4511,45.2514],[148.4512,45.2509],[148.4509,45.2503],[148.4513,45.2502],[148.4517,45.2511],[148.4523,45.251],[148.453,45.2508],[148.4534,45.2505],[148.4536,45.25],[148.4541,45.2498],[148.4534,45.2494],[148.4536,45.2493],[148.4547,45.2491],[148.4553,45.2492],[148.4558,45.2495],[148.4558,45.2499],[148.4553,45.2502],[148.4563,45.2506],[148.4567,45.2505],[148.457,45.2503],[148.4567,45.2499],[148.4567,45.2497],[148.4575,45.2492],[148.458,45.2494],[148.4575,45.2499],[148.4577,45.2502],[148.4582,45.2504],[148.459,45.2508],[148.4601,45.2506],[148.4611,45.2507],[148.4616,45.2523],[148.4622,45.2532],[148.4628,45.2535],[148.464,45.2541],[148.4647,45.2541],[148.4649,45.2544],[148.4656,45.2545],[148.4661,45.2551],[148.4667,45.2555],[148.4676,45.2557],[148.4678,45.2555],[148.4683,45.2555],[148.4691,45.256],[148.4688,45.2565],[148.4688,45.2569],[148.4691,45.2576],[148.4694,45.2582],[148.47,45.2587],[148.4709,45.2593],[148.4717,45.2594],[148.4723,45.2595],[148.4725,45.2599],[148.4729,45.2602],[148.4738,45.2604],[148.476,45.2607],[148.4778,45.2611],[148.479,45.2611],[148.4802,45.2612],[148.482,45.2613],[148.4851,45.2611],[148.4861,45.2608],[148.4868,45.2604],[148.4877,45.2597],[148.4887,45.2587],[148.4893,45.2581],[148.4902,45.2576],[148.4911,45.2573],[148.492,45.2567],[148.4923,45.2566],[148.493,45.2567],[148.4938,45.2564],[148.4942,45.2564],[148.4943,45.2567],[148.4938,45.2571],[148.494,45.2575],[148.4946,45.2577],[148.4955,45.2577],[148.4964,45.2587],[148.4979,45.2597],[148.4988,45.2599],[148.4999,45.2601],[148.5009,45.2609],[148.5012,45.261],[148.5014,45.2615],[148.5012,45.262],[148.5012,45.2626],[148.5015,45.2634],[148.5015,45.2639],[148.5013,45.2645],[148.5008,45.2652],[148.5006,45.2655],[148.5001,45.2665],[148.4998,45.267],[148.4992,45.2676],[148.4988,45.2683],[148.4987,45.27],[148.4988,45.2704],[148.4993,45.2721],[148.4999,45.2726],[148.5006,45.2728],[148.5015,45.2731],[148.5022,45.2735],[148.5031,45.2731],[148.5038,45.273],[148.5048,45.2726],[148.5062,45.2725],[148.5069,45.2725],[148.5078,45.2724],[148.508,45.2728],[148.5074,45.2733],[148.507,45.2738],[148.5062,45.2742],[148.5047,45.2748],[148.5042,45.2749],[148.5036,45.2756],[148.5035,45.2766],[148.5036,45.277],[148.5041,45.2777],[148.5048,45.2784],[148.5054,45.2789],[148.5062,45.2793],[148.5068,45.2796],[148.5084,45.2801],[148.5102,45.2802],[148.5115,45.2801],[148.5122,45.2796],[148.5123,45.2791],[148.5126,45.2785],[148.5128,45.2784],[148.5134,45.2782],[148.5144,45.2785],[148.5152,45.2794],[148.5155,45.2796],[148.5169,45.28],[148.5176,45.2798],[148.5176,45.2802],[148.518,45.2806],[148.5184,45.2812],[148.5188,45.2824],[148.5197,45.2839],[148.52,45.2842],[148.5207,45.2846],[148.5223,45.2849],[148.5229,45.2852],[148.5236,45.2858],[148.5242,45.286],[148.5245,45.2859],[148.5257,45.2865],[148.5261,45.2863],[148.5262,45.2866],[148.5268,45.2868],[148.5273,45.2868],[148.5271,45.2871],[148.5273,45.2874],[148.5278,45.2875],[148.5279,45.2879],[148.5284,45.2887],[148.5287,45.289],[148.5295,45.289],[148.5298,45.2897],[148.5301,45.2911],[148.5306,45.2917],[148.5311,45.2922],[148.5314,45.2928],[148.5319,45.2931],[148.5324,45.2933],[148.5334,45.2936],[148.5353,45.2942],[148.5366,45.2943],[148.538,45.2947],[148.5391,45.2951],[148.5401,45.2951],[148.5406,45.2948],[148.5411,45.2942],[148.542,45.2942],[148.5423,45.2938],[148.5429,45.2938],[148.5433,45.2941],[148.543,45.2946],[148.5431,45.2952],[148.5431,45.2956],[148.5431,45.2964],[148.5437,45.2967],[148.5444,45.2972],[148.5444,45.2976],[148.5447,45.2978],[148.5448,45.2983],[148.5455,45.299],[148.5463,45.2996],[148.5471,45.2998],[148.5475,45.3002],[148.5481,45.3003],[148.5493,45.3003],[148.5491,45.3006],[148.5495,45.301],[148.5503,45.3013],[148.5507,45.3008],[148.5515,45.3006],[148.5521,45.3009],[148.5528,45.301],[148.5525,45.3014],[148.5527,45.302],[148.5522,45.3025],[148.5521,45.3029],[148.5519,45.3033],[148.5524,45.3036],[148.552,45.304],[148.5526,45.3046],[148.5534,45.3051],[148.5542,45.3054],[148.555,45.3053],[148.556,45.3054],[148.5567,45.3053],[148.5573,45.3054],[148.5582,45.3061],[148.5593,45.3071],[148.5597,45.3079],[148.5599,45.3087],[148.5604,45.3093],[148.5613,45.31],[148.5622,45.3108],[148.5634,45.312],[148.5643,45.3123],[148.5648,45.3126],[148.5653,45.3128],[148.5665,45.3129],[148.5672,45.3131],[148.5676,45.3135],[148.5682,45.3136],[148.569,45.314],[148.5699,45.3142],[148.5706,45.3146],[148.571,45.3149],[148.5714,45.3155],[148.5726,45.3162],[148.5733,45.3165],[148.5737,45.3165],[148.5744,45.3162],[148.5749,45.3161],[148.5758,45.3163],[148.5769,45.316],[148.5777,45.3163],[148.5779,45.3165],[148.5779,45.3172],[148.5787,45.3177],[148.5796,45.3179],[148.5802,45.318],[148.5808,45.3178],[148.5816,45.3175],[148.5826,45.3175],[148.5834,45.3179],[148.5843,45.3178],[148.585,45.3179],[148.5858,45.3178],[148.5863,45.3178],[148.587,45.3181],[148.5878,45.3182],[148.5883,45.3187],[148.5892,45.3188],[148.5903,45.3185],[148.5914,45.3179],[148.5919,45.318],[148.5924,45.3182],[148.5935,45.3181],[148.5945,45.3183],[148.5953,45.3183],[148.5954,45.3186],[148.5959,45.319],[148.5956,45.3195],[148.5952,45.3196],[148.5956,45.3199],[148.596,45.3205],[148.597,45.3209],[148.5977,45.321],[148.5985,45.3209],[148.5997,45.321],[148.6002,45.321],[148.6011,45.3213],[148.6025,45.3214],[148.6024,45.3216],[148.6029,45.3219],[148.6037,45.3218],[148.6046,45.3211],[148.6051,45.3211],[148.6054,45.3217],[148.6061,45.3217],[148.6067,45.3215],[148.6072,45.3218],[148.6085,45.3221],[148.6086,45.3222],[148.6081,45.3227],[148.6081,45.3229],[148.6085,45.3235],[148.6096,45.3237],[148.6098,45.324],[148.6106,45.3243],[148.6111,45.3241],[148.6117,45.3242],[148.6118,45.3245],[148.6123,45.3247],[148.6132,45.3248],[148.6137,45.3254],[148.6142,45.3258],[148.6148,45.3262],[148.6153,45.3268],[148.6157,45.327],[148.6167,45.3272],[148.6176,45.3272],[148.6184,45.3271],[148.6194,45.3266],[148.6198,45.3268],[148.6203,45.3266],[148.6206,45.3267],[148.6208,45.3271],[148.6207,45.3276],[148.6204,45.3279],[148.6206,45.3284],[148.6202,45.3285],[148.6193,45.329],[148.6193,45.3292],[148.6202,45.33],[148.6209,45.3305],[148.6219,45.3309],[148.6226,45.3311],[148.6234,45.3311],[148.6248,45.3309],[148.6251,45.3308],[148.6258,45.3304],[148.6262,45.3299],[148.6265,45.3298],[148.6267,45.3301],[148.627,45.3302],[148.6281,45.331],[148.6284,45.3308],[148.6288,45.3308],[148.6295,45.3309],[148.6295,45.3317],[148.6292,45.332],[148.6293,45.3325],[148.6302,45.333],[148.6308,45.333],[148.6321,45.3328],[148.6333,45.3329],[148.6344,45.3327],[148.635,45.3329],[148.6361,45.3338],[148.6369,45.3344],[148.6381,45.335],[148.6392,45.3354],[148.6395,45.3353],[148.6403,45.335],[148.6407,45.3349],[148.642,45.3349],[148.6431,45.3347],[148.6434,45.3345],[148.6442,45.3342],[148.6448,45.3336],[148.6458,45.3331],[148.6467,45.3324],[148.6471,45.3319],[148.6484,45.3314],[148.6497,45.3311],[148.6503,45.3305],[148.6506,45.3306],[148.6507,45.331],[148.6502,45.3315],[148.6501,45.3319],[148.6501,45.3322],[148.6506,45.3327],[148.6507,45.3333],[148.6513,45.3339],[148.6514,45.3344],[148.6517,45.3349],[148.6522,45.3355],[148.6533,45.3362],[148.654,45.3364],[148.655,45.3364],[148.6559,45.3362],[148.6566,45.3358],[148.6569,45.3352],[148.6571,45.3347],[148.6576,45.3339],[148.6584,45.3335],[148.6587,45.3334],[148.6598,45.3334],[148.6604,45.3334],[148.6614,45.3337],[148.6624,45.3339],[148.663,45.3338],[148.665,45.3341],[148.6656,45.3341],[148.6673,45.3337],[148.6685,45.3338],[148.6697,45.3343],[148.67,45.3347],[148.6711,45.3349],[148.6725,45.3345],[148.6737,45.3345],[148.6753,45.3347],[148.6759,45.3348],[148.6768,45.3347],[148.678,45.3346],[148.6786,45.3347],[148.6789,45.3349],[148.68,45.3358],[148.6805,45.3362],[148.6813,45.3368],[148.6817,45.3369],[148.6826,45.3369],[148.6834,45.3367],[148.6847,45.3357],[148.6848,45.3353],[148.6847,45.3349],[148.6846,45.3343],[148.6848,45.3341],[148.6856,45.3339],[148.6861,45.334],[148.6872,45.334],[148.688,45.3342],[148.6885,45.3342],[148.6893,45.334],[148.6914,45.3337],[148.6926,45.3338],[148.6935,45.3343],[148.694,45.3344],[148.6949,45.3348],[148.6956,45.335],[148.6966,45.3351],[148.6973,45.3355],[148.6977,45.3356],[148.6984,45.3356],[148.6987,45.3357],[148.6999,45.3354],[148.7017,45.335],[148.7026,45.3347],[148.7032,45.3347],[148.7049,45.3352],[148.7055,45.3353],[148.7062,45.3355],[148.7077,45.3356],[148.7089,45.3359],[148.7099,45.3361],[148.7117,45.3362],[148.7126,45.3361],[148.713,45.336],[148.7134,45.3357],[148.7143,45.3354],[148.7152,45.3352],[148.716,45.3356],[148.7174,45.336],[148.7181,45.336],[148.7189,45.3357],[148.7203,45.3353],[148.721,45.3351],[148.7211,45.3354],[148.7219,45.3356],[148.7229,45.3355],[148.7235,45.3351],[148.7238,45.3347],[148.7241,45.3346],[148.7253,45.3338],[148.7258,45.3335],[148.7262,45.3337],[148.7257,45.3339],[148.7257,45.3344],[148.727,45.3343],[148.7279,45.3344],[148.7288,45.3349],[148.7294,45.3351],[148.73,45.335],[148.7306,45.3348],[148.7311,45.3349],[148.7314,45.3348],[148.7322,45.3349],[148.7323,45.3351],[148.7333,45.3356],[148.7343,45.3357],[148.7345,45.3358],[148.735,45.3364],[148.7354,45.3365],[148.7359,45.3363],[148.7359,45.3366],[148.7364,45.3369],[148.7371,45.337],[148.7382,45.3374],[148.739,45.3375],[148.74,45.3376],[148.7419,45.3373],[148.7428,45.3373],[148.7441,45.3373],[148.7452,45.337],[148.747,45.3367],[148.7481,45.3363],[148.7501,45.3357],[148.7521,45.335],[148.7533,45.3347],[148.7538,45.3345],[148.7548,45.334],[148.7555,45.3337],[148.7562,45.3333],[148.7571,45.3327],[148.7579,45.332],[148.7585,45.3316],[148.7601,45.3307],[148.7624,45.3294],[148.7629,45.3292],[148.7638,45.329],[148.7649,45.3289],[148.7672,45.3285],[148.7687,45.3281],[148.769,45.3279],[148.7713,45.3269],[148.7718,45.3264],[148.7724,45.3255],[148.7723,45.3251],[148.7735,45.3249],[148.7745,45.3249],[148.775,45.3247],[148.7759,45.324],[148.7761,45.3235],[148.7759,45.3231],[148.7767,45.3226],[148.7775,45.3228],[148.7782,45.3233],[148.7784,45.3239],[148.7794,45.325],[148.78,45.325],[148.781,45.3254],[148.7819,45.3263],[148.7822,45.3263],[148.783,45.3271],[148.7836,45.3272],[148.7846,45.3273],[148.7855,45.3274],[148.7866,45.3279],[148.7872,45.3284],[148.7879,45.329],[148.7894,45.3299],[148.7906,45.3309],[148.7917,45.3313],[148.7941,45.3327],[148.7954,45.3333],[148.798,45.3343],[148.7997,45.3349],[148.8012,45.3354],[148.802,45.3357],[148.8039,45.3363],[148.805,45.3364],[148.8061,45.3363],[148.8064,45.3365],[148.8075,45.3367],[148.8081,45.3367],[148.8088,45.3373],[148.8096,45.3374],[148.8102,45.3373],[148.811,45.3373],[148.8119,45.3373],[148.8129,45.3375],[148.8138,45.3374],[148.8146,45.3376],[148.8153,45.3378],[148.8177,45.3381],[148.8194,45.3379],[148.8214,45.3379],[148.8232,45.3377],[148.8244,45.3378],[148.8253,45.3377],[148.8278,45.3374],[148.8297,45.3371],[148.8312,45.3369],[148.8321,45.337],[148.8329,45.3373],[148.8335,45.3373],[148.8358,45.3367],[148.8368,45.3366],[148.8373,45.3365],[148.838,45.3361],[148.8391,45.3355],[148.8396,45.3357],[148.8394,45.3362],[148.8405,45.3363],[148.8406,45.3367],[148.8412,45.3366],[148.8415,45.3362],[148.8418,45.3362],[148.8425,45.3367],[148.8426,45.3372],[148.8424,45.3376],[148.8429,45.3379],[148.8428,45.3382],[148.843,45.3385],[148.8429,45.339],[148.8424,45.3395],[148.8429,45.3399],[148.8438,45.3399],[148.8443,45.3404],[148.845,45.3416],[148.8454,45.3424],[148.8462,45.3431],[148.8457,45.3432],[148.8459,45.3438],[148.8461,45.3439],[148.8468,45.344],[148.8474,45.3439],[148.8477,45.3443],[148.8484,45.3446],[148.8487,45.3452],[148.8483,45.3457],[148.8478,45.3459],[148.8474,45.3458],[148.8474,45.3452],[148.8465,45.3458],[148.8467,45.3461],[148.8462,45.3468],[148.8461,45.3471],[148.8454,45.3471],[148.8453,45.3477],[148.845,45.348],[148.845,45.3483],[148.8437,45.3486],[148.8428,45.3491],[148.8423,45.3493],[148.842,45.3497],[148.8419,45.3502],[148.842,45.3509],[148.8424,45.3529],[148.8432,45.3548],[148.8435,45.355],[148.8447,45.3554],[148.8451,45.3559],[148.8463,45.3566],[148.8471,45.3572],[148.8477,45.3575],[148.8485,45.3576],[148.8496,45.3577],[148.8517,45.3574],[148.8524,45.3576],[148.8527,45.358],[148.8527,45.3584],[148.8525,45.3593],[148.8521,45.3597],[148.8515,45.3601],[148.8512,45.3604],[148.8515,45.3609],[148.852,45.3611],[148.8532,45.3607],[148.8536,45.3608],[148.854,45.361],[148.8542,45.3614],[148.8539,45.3619],[148.8543,45.3628],[148.8542,45.3635],[148.8543,45.364],[148.8547,45.3645],[148.8558,45.3645],[148.8564,45.3647],[148.8566,45.3652],[148.856,45.3663],[148.8559,45.3667],[148.8561,45.3671],[148.8565,45.3675],[148.8574,45.3675],[148.8582,45.3676],[148.8589,45.3676],[148.8598,45.3673],[148.861,45.3674],[148.8609,45.3677],[148.8615,45.3682],[148.8615,45.3685],[148.8618,45.3688],[148.8614,45.3694],[148.861,45.37],[148.861,45.3707],[148.8611,45.3717],[148.8613,45.3727],[148.8613,45.3731],[148.8619,45.3737],[148.8629,45.374],[148.8635,45.3742],[148.8639,45.3746],[148.864,45.3754],[148.8658,45.3775],[148.8668,45.378],[148.8677,45.3787],[148.8687,45.3791],[148.8696,45.3791],[148.87,45.3792],[148.8697,45.3799],[148.8693,45.3803],[148.8688,45.3805],[148.8682,45.3814],[148.8682,45.3823],[148.8687,45.3836],[148.8689,45.3845],[148.8695,45.3851],[148.87,45.3852],[148.8709,45.3852],[148.8714,45.3854],[148.8724,45.386],[148.8727,45.3862],[148.8724,45.3864],[148.8732,45.3868],[148.8736,45.3872],[148.8742,45.3875],[148.8751,45.3876],[148.8755,45.3878],[148.8758,45.3883],[148.8756,45.3889],[148.8757,45.3894],[148.8756,45.3901],[148.8752,45.3908],[148.875,45.3913],[148.8754,45.3919],[148.8766,45.3921],[148.8767,45.3923],[148.8757,45.3924],[148.8756,45.3928],[148.8758,45.3931],[148.8757,45.3937],[148.8758,45.3939],[148.8765,45.3939],[148.8766,45.3944],[148.8762,45.395],[148.8757,45.3956],[148.8756,45.3962],[148.8757,45.3968],[148.876,45.3971],[148.8751,45.397],[148.8747,45.3973],[148.8744,45.3978],[148.8747,45.3979],[148.8745,45.3982],[148.8737,45.3983],[148.8734,45.3988],[148.8737,45.3991],[148.8732,45.3991],[148.8724,45.3998],[148.8721,45.4008],[148.8722,45.401],[148.8729,45.4011],[148.8733,45.4014],[148.8737,45.4016],[148.8737,45.4018],[148.8728,45.4019],[148.8721,45.4016],[148.8715,45.4015],[148.871,45.402],[148.8704,45.4022],[148.8693,45.4024],[148.869,45.4026],[148.8686,45.4023],[148.868,45.4025],[148.8683,45.4032],[148.8679,45.4035],[148.8673,45.4033],[148.8669,45.4035],[148.8665,45.404],[148.8657,45.4044],[148.8652,45.4051],[148.8654,45.4055],[148.8654,45.4058],[148.8648,45.4064],[148.8639,45.4065],[148.8625,45.4071],[148.8618,45.4075],[148.8606,45.4084],[148.8602,45.4088],[148.8599,45.4096],[148.8594,45.4103],[148.8594,45.4107],[148.8599,45.4115],[148.8604,45.4118],[148.8604,45.4122],[148.8601,45.4124],[148.8594,45.4123],[148.8587,45.4126],[148.8581,45.413],[148.8577,45.4132],[148.8569,45.4139],[148.8562,45.4147],[148.8555,45.4165],[148.8555,45.4172],[148.8554,45.4175],[148.8546,45.418],[148.8532,45.4188],[148.8526,45.4194],[148.8523,45.4195],[148.8517,45.4189],[148.8506,45.4189],[148.8479,45.4185],[148.847,45.4185],[148.8457,45.4188],[148.8447,45.4192],[148.8436,45.4196],[148.8429,45.4201],[148.8426,45.4209],[148.8426,45.4213],[148.8433,45.4218],[148.843,45.4221],[148.8418,45.4223],[148.8422,45.4228],[148.8407,45.4235],[148.8407,45.4238],[148.8414,45.4247],[148.841,45.4251],[148.8417,45.4251],[148.8421,45.4252],[148.8423,45.4256],[148.8415,45.4262],[148.8409,45.4264],[148.8402,45.4263],[148.8388,45.4261],[148.8384,45.4262],[148.8371,45.4265],[148.8363,45.4266],[148.8345,45.4268],[148.8334,45.4268],[148.8325,45.4266],[148.8317,45.4264],[148.8308,45.4263],[148.83,45.4266],[148.8292,45.4274],[148.8286,45.4283],[148.8284,45.429],[148.828,45.4304],[148.8273,45.4333],[148.8271,45.4346],[148.827,45.437],[148.8266,45.4398],[148.8263,45.4406],[148.8262,45.441],[148.827,45.4466],[148.8269,45.4475],[148.8269,45.448],[148.8271,45.4488],[148.8268,45.4491],[148.8274,45.4502],[148.8279,45.4506],[148.8283,45.4517],[148.829,45.4541],[148.8306,45.4571],[148.8312,45.4584],[148.8318,45.4595],[148.8327,45.4605],[148.8338,45.4612],[148.8348,45.4617],[148.8361,45.4624],[148.8379,45.4633],[148.8391,45.4638],[148.84,45.4639],[148.8406,45.4641],[148.8423,45.4646],[148.8441,45.4654],[148.8451,45.4657],[148.8471,45.4662],[148.8478,45.4664],[148.8485,45.4667],[148.8505,45.4673],[148.8514,45.4678],[148.8526,45.4683],[148.8535,45.4688],[148.8545,45.4691],[148.855,45.4695],[148.8558,45.4697],[148.8563,45.4699],[148.8576,45.4704],[148.8599,45.471],[148.8608,45.4712],[148.8619,45.4714],[148.8628,45.4716],[148.8642,45.4721],[148.8656,45.4723],[148.8665,45.4727],[148.8673,45.4731],[148.868,45.4734],[148.8686,45.4732],[148.8688,45.4737],[148.8699,45.4733],[148.8698,45.474],[148.8705,45.4742],[148.8712,45.4739],[148.8713,45.4743],[148.8717,45.4744],[148.8727,45.4743],[148.8726,45.4746],[148.8729,45.4749],[148.8737,45.4746],[148.8738,45.4748],[148.8745,45.4746],[148.8745,45.475],[148.875,45.4758],[148.8755,45.4758],[148.8761,45.476],[148.8769,45.4759],[148.8773,45.4761],[148.8769,45.4767],[148.8765,45.4769],[148.8765,45.4778],[148.8779,45.4774],[148.8779,45.4777],[148.8774,45.4782],[148.8775,45.4785],[148.8782,45.4782],[148.8785,45.479],[148.879,45.4792],[148.8791,45.4795],[148.8795,45.4795],[148.8796,45.4798],[148.8801,45.4804],[148.8806,45.4808],[148.8811,45.481],[148.8815,45.4815],[148.8822,45.482],[148.883,45.4822],[148.8835,45.4822],[148.884,45.4824],[148.8846,45.4822],[148.885,45.482],[148.8854,45.4822],[148.886,45.4818],[148.8864,45.482],[148.886,45.4825],[148.885,45.4831],[148.8854,45.4835],[148.8862,45.4837],[148.8867,45.4834],[148.8871,45.4841],[148.887,45.4845],[148.8877,45.4843],[148.8882,45.4844],[148.8885,45.4852],[148.889,45.4851],[148.8898,45.4858],[148.8901,45.4868],[148.8905,45.4869],[148.8908,45.4878],[148.8909,45.4882],[148.8907,45.4887],[148.8908,45.4892],[148.891,45.4901],[148.8911,45.4914],[148.8909,45.4924],[148.8909,45.4933],[148.8908,45.4949],[148.8908,45.4957],[148.8905,45.4968],[148.8907,45.4974],[148.8908,45.4986],[148.891,45.4993],[148.8913,45.5001],[148.8916,45.501],[148.8922,45.5024],[148.8928,45.5039],[148.8929,45.505],[148.893,45.5062],[148.893,45.507],[148.893,45.5076],[148.8928,45.5087],[148.8928,45.5096],[148.8926,45.5111],[148.8922,45.5124],[148.8918,45.513],[148.8906,45.5147],[148.8899,45.5164],[148.8899,45.517],[148.8896,45.5178],[148.8889,45.5182],[148.8883,45.5184],[148.8869,45.5185],[148.8864,45.5193],[148.8867,45.5199],[148.8871,45.5201],[148.8874,45.5206],[148.8862,45.5206],[148.8857,45.5208],[148.8862,45.5216],[148.8862,45.5218],[148.8856,45.5219],[148.8851,45.522],[148.8852,45.5223],[148.8849,45.5225],[148.8843,45.5224],[148.8839,45.5218],[148.8834,45.5218],[148.8827,45.5221],[148.8826,45.5224],[148.8837,45.523],[148.8837,45.5233],[148.8831,45.5233],[148.8823,45.5228],[148.8819,45.5228],[148.8802,45.5238],[148.8799,45.5243],[148.8792,45.5247],[148.8784,45.5253],[148.8773,45.526],[148.8768,45.5266],[148.8761,45.5271],[148.8751,45.5282],[148.8749,45.5284],[148.8744,45.5289],[148.8747,45.5296],[148.8748,45.53],[148.8744,45.5306],[148.8744,45.5312],[148.8736,45.5313],[148.8724,45.5318],[148.8711,45.5326],[148.8701,45.5332],[148.8694,45.5337],[148.8691,45.5342],[148.8681,45.5346],[148.8677,45.535],[148.867,45.5355],[148.8649,45.5361],[148.863,45.5366],[148.8616,45.5372],[148.8593,45.5384],[148.8566,45.5405],[148.8536,45.5412],[148.8524,45.5416],[148.851,45.542],[148.8501,45.5421],[148.8483,45.5423],[148.8471,45.5423],[148.8455,45.5425],[148.8438,45.5428],[148.8413,45.5438],[148.8407,45.5442],[148.8401,45.5447],[148.8394,45.5457],[148.8393,45.5462],[148.8401,45.5474],[148.8402,45.5478],[148.8397,45.5481],[148.8393,45.5485],[148.8395,45.5488],[148.8396,45.5494],[148.8387,45.5497],[148.8387,45.5503],[148.8383,45.5507],[148.8375,45.5506],[148.8368,45.5501],[148.8358,45.5497],[148.8345,45.5491],[148.8342,45.5488],[148.8338,45.5482],[148.8326,45.5481],[148.8301,45.5482],[148.8293,45.5484],[148.8281,45.5487],[148.8275,45.549],[148.8268,45.5492],[148.8238,45.55],[148.8224,45.5504],[148.8215,45.5505],[148.8203,45.5507],[148.8192,45.5511],[148.8178,45.5513],[148.8153,45.5515],[148.8145,45.5517],[148.8126,45.5524],[148.8118,45.5526],[148.8108,45.5527],[148.8097,45.5527],[148.8087,45.5527],[148.8081,45.5524],[148.8076,45.5523],[148.8066,45.5523],[148.805,45.5524],[148.8035,45.5522],[148.8024,45.5522],[148.801,45.5525],[148.8003,45.5523],[148.7985,45.5523],[148.7972,45.5526],[148.7964,45.5531],[148.7957,45.5531],[148.7953,45.5531],[148.7944,45.5539],[148.7932,45.5543],[148.7927,45.5543],[148.7919,45.554],[148.791,45.5543],[148.79,45.5544],[148.7895,45.5552],[148.7891,45.5557],[148.7885,45.5556],[148.7887,45.5552],[148.7886,45.555],[148.7881,45.5548],[148.7874,45.5548],[148.787,45.555],[148.7867,45.5553],[148.7863,45.5555],[148.7853,45.5557],[148.7851,45.556],[148.785,45.5563],[148.784,45.5567],[148.7836,45.5562],[148.7845,45.5556],[148.7841,45.5548],[148.7844,45.5544],[148.7843,45.554],[148.7838,45.5537],[148.7825,45.5534],[148.7817,45.5533],[148.7804,45.5535],[148.7781,45.5535],[148.7764,45.5537],[148.7751,45.5537],[148.7732,45.5539],[148.7714,45.5539],[148.7704,45.5538],[148.7693,45.5539],[148.7678,45.5543],[148.7665,45.5547],[148.7658,45.5547],[148.7654,45.5546],[148.7636,45.554],[148.7623,45.5535],[148.7619,45.5534],[148.7598,45.5534],[148.7592,45.5535],[148.7583,45.5539],[148.758,45.5542],[148.7576,45.5548],[148.7571,45.555],[148.7571,45.5546],[148.7575,45.5542],[148.7575,45.554],[148.7568,45.5537],[148.7563,45.5537],[148.7556,45.5537],[148.7549,45.5535],[148.7539,45.5537],[148.7536,45.5539],[148.7532,45.5544],[148.7534,45.5547],[148.7533,45.5552],[148.7528,45.5557],[148.7533,45.5557],[148.7534,45.556],[148.7527,45.5565],[148.7525,45.5572],[148.7518,45.5567],[148.7524,45.5562],[148.7521,45.5561],[148.7513,45.5567],[148.7508,45.5568],[148.7507,45.5565],[148.7509,45.5562],[148.7518,45.5557],[148.7522,45.5551],[148.7518,45.5544],[148.7512,45.5544],[148.7505,45.5547],[148.7504,45.5545],[148.7507,45.5541],[148.7512,45.5538],[148.7508,45.5531],[148.7504,45.5531],[148.75,45.5524],[148.7489,45.5517],[148.7472,45.5511],[148.7467,45.5509],[148.7461,45.5511],[148.746,45.5505],[148.7445,45.5499],[148.7425,45.5495],[148.7414,45.5494],[148.7409,45.5492],[148.7404,45.5488],[148.7384,45.5484],[148.7371,45.5484],[148.7365,45.5485],[148.7364,45.549],[148.7357,45.549],[148.7356,45.5484],[148.7354,45.5479],[148.7347,45.5475],[148.7334,45.5472],[148.7312,45.5469],[148.7298,45.5465],[148.7288,45.5463],[148.7277,45.5459],[148.7271,45.5453],[148.7264,45.545],[148.7243,45.5445],[148.7221,45.5438],[148.7198,45.5434],[148.7187,45.5431],[148.7167,45.5426],[148.7161,45.5426],[148.7147,45.5423],[148.7142,45.5422],[148.7125,45.5423],[148.7117,45.5422],[148.7101,45.5416],[148.7074,45.5411],[148.705,45.541],[148.7041,45.5409],[148.703,45.5406],[148.7021,45.5406],[148.7007,45.5404],[148.6996,45.5404],[148.6992,45.5403],[148.6987,45.5401],[148.698,45.54],[148.6972,45.5401],[148.6961,45.5403],[148.6955,45.5406],[148.6946,45.5399],[148.6941,45.5397],[148.6935,45.5395],[148.6921,45.5392],[148.6914,45.5392],[148.6894,45.5392],[148.6885,45.539],[148.6876,45.539],[148.6871,45.5392],[148.6864,45.5399],[148.6861,45.5397],[148.686,45.5391],[148.6855,45.5387],[148.6849,45.5384],[148.6838,45.5381],[148.683,45.538],[148.6817,45.5378],[148.6811,45.5376],[148.6797,45.5374],[148.6785,45.5375],[148.6771,45.5374],[148.6761,45.5375],[148.6752,45.5371],[148.6727,45.5368],[148.6712,45.5368],[148.67,45.5367],[148.668,45.5369],[148.6673,45.5371],[148.6658,45.5376],[148.6648,45.5378],[148.6635,45.538],[148.6629,45.5386],[148.6625,45.5388],[148.6613,45.539],[148.66,45.5392],[148.6596,45.5388],[148.6592,45.5387],[148.6575,45.5388],[148.6568,45.539],[148.6559,45.539],[148.6542,45.5385],[148.6533,45.5382],[148.6517,45.5373],[148.6513,45.5372],[148.6517,45.5369],[148.6517,45.5365],[148.6512,45.5355],[148.651,45.5352],[148.6504,45.5347],[148.6497,45.5341],[148.6488,45.5335],[148.6479,45.5326],[148.6476,45.5321],[148.6471,45.5306],[148.6459,45.5295],[148.6454,45.529],[148.6451,45.5283],[148.6448,45.5273],[148.6441,45.5265],[148.6434,45.526],[148.6422,45.5254],[148.6401,45.5243],[148.6394,45.5238],[148.6391,45.5235],[148.6391,45.5226],[148.6398,45.5215],[148.6401,45.5209],[148.6404,45.5206],[148.6413,45.519],[148.6416,45.5183],[148.6415,45.517],[148.6413,45.5166],[148.6409,45.5162],[148.6399,45.5151],[148.6392,45.5148],[148.639,45.5146],[148.6393,45.5142],[148.6394,45.5139],[148.6393,45.5123],[148.6395,45.5114],[148.6395,45.5105],[148.6392,45.509],[148.6391,45.5088],[148.6383,45.508],[148.638,45.5078],[148.6362,45.507],[148.6351,45.5066],[148.6338,45.5063],[148.6325,45.5058],[148.6319,45.5054],[148.6312,45.5045],[148.631,45.5038],[148.6302,45.5021],[148.6296,45.5014],[148.6289,45.5011],[148.6278,45.5002],[148.6274,45.5],[148.6262,45.4997],[148.6257,45.4994],[148.6248,45.4992],[148.6236,45.4987],[148.6228,45.4986],[148.6222,45.4987],[148.6216,45.4989],[148.6198,45.4986],[148.618,45.4987],[148.6163,45.4986],[148.6146,45.4983],[148.6143,45.498],[148.6142,45.4975],[148.614,45.4963],[148.6134,45.4951],[148.6132,45.4947],[148.612,45.4938],[148.61,45.4924],[148.6085,45.492],[148.6068,45.4914],[148.6057,45.4912],[148.6032,45.4912],[148.6013,45.4916],[148.6007,45.4918],[148.6002,45.491],[148.5997,45.4907],[148.5988,45.4905],[148.5981,45.4905],[148.5968,45.4907],[148.5958,45.4911],[148.5955,45.4913],[148.5953,45.4919],[148.5944,45.4922],[148.5939,45.4925],[148.5937,45.492],[148.5934,45.4919],[148.5927,45.4914],[148.5916,45.491],[148.5905,45.4908],[148.5898,45.4909],[148.5884,45.4911],[148.5872,45.4912],[148.5862,45.4915],[148.5856,45.4918],[148.5851,45.4909],[148.5848,45.4907],[148.5839,45.4906],[148.5834,45.4903],[148.5829,45.4903],[148.5816,45.4899],[148.5809,45.4898],[148.5797,45.4898],[148.5782,45.4894],[148.5779,45.489],[148.5775,45.4887],[148.5772,45.4882],[148.5764,45.4878],[148.5758,45.4871],[148.576,45.4869],[148.5761,45.4862],[148.5758,45.4859],[148.5763,45.4852],[148.5758,45.4845],[148.5751,45.4843],[148.5746,45.4844],[148.5737,45.4844],[148.5729,45.4846],[148.5724,45.4845],[148.5719,45.485],[148.5719,45.4842],[148.5717,45.4835],[148.5718,45.4832],[148.5726,45.4827],[148.5731,45.4821],[148.573,45.4814],[148.5722,45.4799],[148.572,45.4791],[148.5716,45.4783],[148.5707,45.4778],[148.5703,45.4772],[148.5701,45.4768],[148.5696,45.4762],[148.5687,45.4756],[148.5684,45.4752],[148.5683,45.4746],[148.5678,45.4736],[148.5679,45.4729],[148.5676,45.4718],[148.5672,45.4712],[148.5669,45.4708],[148.566,45.4701],[148.5655,45.4695],[148.5651,45.4692],[148.5644,45.4689],[148.5638,45.4689],[148.5631,45.4689],[148.5627,45.4688],[148.5622,45.4681],[148.5615,45.4675],[148.5605,45.4673],[148.559,45.4666],[148.5584,45.4663],[148.5583,45.4661],[148.5578,45.4655],[148.5577,45.4652],[148.5577,45.4644],[148.5578,45.464],[148.5582,45.4638],[148.5589,45.4632],[148.5593,45.4627],[148.5595,45.4621],[148.5595,45.4613],[148.5594,45.461],[148.558,45.4595],[148.5569,45.458],[148.556,45.4575],[148.555,45.4568],[148.5545,45.4566],[148.5534,45.4565],[148.5524,45.4567],[148.5511,45.4572],[148.5507,45.4575],[148.5494,45.458],[148.5492,45.458],[148.549,45.4575],[148.5493,45.4572],[148.5492,45.4568],[148.5496,45.4565],[148.5498,45.4561],[148.5496,45.4557],[148.5496,45.4547],[148.5491,45.4537],[148.5486,45.4532],[148.548,45.4528],[148.5469,45.4522],[148.5458,45.4515],[148.5451,45.4512],[148.5445,45.4512],[148.5429,45.4514],[148.5422,45.4519],[148.5418,45.4521],[148.5406,45.4522],[148.5402,45.4523],[148.5398,45.4527],[148.5387,45.4527],[148.5387,45.4523],[148.5378,45.4519],[148.5379,45.4509],[148.5378,45.4506],[148.5374,45.4504],[148.5372,45.4501],[148.5373,45.4497],[148.537,45.4494],[148.5367,45.4493],[148.535,45.4491],[148.5343,45.4489],[148.5335,45.4489],[148.5331,45.4493],[148.5322,45.4499],[148.5316,45.4499],[148.5306,45.4499],[148.53,45.4497],[148.5295,45.4497],[148.5293,45.4494],[148.5286,45.4493],[148.5285,45.4486],[148.5282,45.4484],[148.5274,45.4483],[148.5267,45.4477],[148.5262,45.4475],[148.5252,45.4472],[148.5244,45.447],[148.5236,45.447],[148.5223,45.4473],[148.5216,45.4471],[148.5207,45.4473],[148.5203,45.4471],[148.5201,45.4467],[148.5198,45.4465],[148.5192,45.4464],[148.5188,45.4461],[148.5183,45.446],[148.5182,45.4458],[148.5183,45.4454],[148.5181,45.4451],[148.5173,45.4444],[148.5172,45.4439],[148.5179,45.4438],[148.5181,45.4435],[148.5185,45.4434],[148.5184,45.4431],[148.5178,45.4431],[148.5176,45.4426],[148.5181,45.4425],[148.5174,45.4414],[148.5171,45.4411],[148.5168,45.4404],[148.5155,45.4387],[148.5155,45.4381],[148.5151,45.4376],[148.5148,45.4373],[148.5148,45.4367],[148.5138,45.4353],[148.5135,45.4345],[148.5132,45.4343],[148.5125,45.434],[148.5123,45.4338],[148.5124,45.4329],[148.5122,45.4321],[148.5113,45.4313],[148.5108,45.4309],[148.5097,45.4304],[148.5089,45.4301],[148.5079,45.43],[148.5074,45.4297],[148.5066,45.4296],[148.5064,45.4294],[148.5062,45.4285],[148.5059,45.4283],[148.5053,45.4282],[148.5046,45.4276],[148.5041,45.4274],[148.5032,45.4267],[148.5024,45.4259],[148.5019,45.4253],[148.5017,45.425],[148.5003,45.4243],[148.4992,45.4234],[148.4983,45.4227],[148.4974,45.4223],[148.496,45.4217],[148.4946,45.4213],[148.4918,45.4209],[148.4907,45.4206],[148.4891,45.4205],[148.4882,45.4204],[148.488,45.4208],[148.4874,45.4208],[148.4868,45.421],[148.4862,45.4205],[148.4862,45.4202],[148.4858,45.4198],[148.4857,45.4192],[148.4854,45.4187],[148.4848,45.4183],[148.4844,45.4182],[148.4842,45.418],[148.4836,45.4167],[148.4831,45.4155],[148.4822,45.4141],[148.4817,45.4137],[148.4813,45.4135],[148.4803,45.4131],[148.4801,45.4127],[148.4803,45.4121],[148.4802,45.4115],[148.4808,45.4112],[148.4811,45.4107],[148.4811,45.4101],[148.4807,45.4095],[148.4802,45.409],[148.4792,45.4085],[148.4774,45.4084],[148.4767,45.4081],[148.4764,45.4077],[148.4758,45.4073],[148.4756,45.4069],[148.4753,45.406],[148.475,45.4056],[148.4742,45.4047],[148.4736,45.4033],[148.4728,45.4023],[148.4728,45.4019],[148.4723,45.4014],[148.4717,45.4011],[148.4708,45.4003],[148.4703,45.4],[148.4705,45.3991],[148.4707,45.3987],[148.4708,45.3979],[148.471,45.3977],[148.4719,45.3971],[148.4724,45.3966],[148.4729,45.3956],[148.4743,45.3922],[148.4747,45.3915],[148.4752,45.391],[148.4761,45.3906],[148.4779,45.3899],[148.4788,45.3896],[148.4796,45.389],[148.4801,45.3879],[148.4802,45.3875],[148.4801,45.3867],[148.48,45.3862],[148.4789,45.384],[148.4786,45.3835],[148.4774,45.3819],[148.4761,45.3803],[148.4759,45.3799],[148.4754,45.3792],[148.4731,45.3773],[148.4724,45.3768],[148.4715,45.376],[148.4694,45.375],[148.4682,45.3746],[148.4675,45.3745],[148.4668,45.3745],[148.4665,45.3746],[148.4647,45.3755],[148.4639,45.3758],[148.4632,45.3759],[148.4623,45.3765],[148.4616,45.3766],[148.4608,45.3767],[148.4603,45.3766],[148.4602,45.3761],[148.4603,45.3758],[148.4601,45.3752],[148.4594,45.375],[148.4593,45.3748],[148.4589,45.3748],[148.4582,45.3746],[148.4588,45.374],[148.4584,45.3738],[148.4579,45.3733],[148.4573,45.3731],[148.4576,45.3728],[148.4584,45.3728],[148.458,45.3716],[148.4579,45.3714],[148.4571,45.3711],[148.4561,45.3708],[148.4559,45.3705],[148.4555,45.3704],[148.4552,45.3702],[148.4552,45.3699],[148.4556,45.3693],[148.4552,45.3682],[148.4549,45.3682],[148.4543,45.3685],[148.4536,45.3687],[148.4535,45.368],[148.454,45.3677],[148.4542,45.3673],[148.4545,45.367],[148.455,45.3668],[148.4553,45.3663],[148.4551,45.3658],[148.4566,45.3651],[148.4577,45.3642],[148.4579,45.3638],[148.4585,45.3637],[148.459,45.3635],[148.4594,45.3629],[148.4597,45.3621],[148.4603,45.3616],[148.4604,45.3613],[148.4604,45.3607],[148.46,45.3601],[148.4589,45.3595],[148.4582,45.3594],[148.4577,45.3594],[148.4567,45.3592],[148.4558,45.3592],[148.4544,45.3596],[148.4525,45.3599],[148.4518,45.36],[148.4507,45.3598],[148.4503,45.3599],[148.4502,45.3596],[148.4489,45.3596],[148.4483,45.3595],[148.448,45.3593],[148.4479,45.3585],[148.4478,45.358],[148.4473,45.3573],[148.447,45.3571],[148.446,45.3561],[148.4451,45.3546],[148.4447,45.3532],[148.4443,45.3528],[148.4436,45.3523],[148.4429,45.352],[148.4421,45.3516],[148.4409,45.351],[148.4392,45.35],[148.4382,45.3496],[148.4364,45.3489],[148.4349,45.3485],[148.4339,45.3483],[148.4327,45.3479],[148.4327,45.3477],[148.4322,45.3472],[148.4313,45.3467],[148.4308,45.3463],[148.4304,45.3456],[148.4298,45.345],[148.4289,45.3447],[148.4283,45.3448],[148.4273,45.3458],[148.4263,45.3459],[148.4261,45.3458],[148.4255,45.3459],[148.4245,45.3454],[148.4247,45.345],[148.4252,45.3447],[148.4252,45.3444],[148.4251,45.3439],[148.4246,45.3432],[148.4234,45.3425],[148.4233,45.3423],[148.4228,45.342],[148.423,45.3415],[148.4225,45.3405],[148.4211,45.339],[148.4204,45.3386],[148.4197,45.3382],[148.4182,45.3377],[148.4175,45.3374],[148.417,45.3371],[148.4166,45.3366],[148.4165,45.3362],[148.4168,45.3361],[148.4173,45.3354],[148.4174,45.3343],[148.4177,45.3336],[148.4182,45.3331],[148.4191,45.3322],[148.4192,45.3313],[148.4195,45.3304],[148.42,45.3293],[148.4198,45.3287],[148.4193,45.3281],[148.4186,45.3275],[148.4165,45.3266],[148.416,45.3265],[148.4155,45.3265],[148.4133,45.3274],[148.4126,45.3278],[148.4111,45.3286],[148.4108,45.329],[148.4099,45.3302],[148.4096,45.3305],[148.4091,45.3308],[148.4083,45.3308],[148.4078,45.3307],[148.4074,45.3304],[148.4073,45.3301],[148.4075,45.3297],[148.408,45.3293],[148.4081,45.3287],[148.4076,45.3281],[148.4069,45.3276],[148.4065,45.3275],[148.405,45.3273],[148.4032,45.3275],[148.4029,45.3275],[148.4019,45.3272],[148.4017,45.3267],[148.4011,45.3261],[148.4007,45.3259],[148.4001,45.3253],[148.3994,45.3253],[148.3992,45.325],[148.3993,45.3247],[148.3989,45.3245],[148.3981,45.3248],[148.3978,45.3253],[148.3969,45.3253],[148.3973,45.3248],[148.3971,45.3245],[148.3974,45.3242],[148.3966,45.3234],[148.3962,45.3232],[148.3953,45.3232],[148.3946,45.3237],[148.3945,45.3235],[148.3949,45.3231],[148.3957,45.3226],[148.3953,45.3223],[148.3945,45.3222],[148.3941,45.3223],[148.3939,45.3219],[148.3942,45.3215],[148.3937,45.3208],[148.3931,45.3205],[148.3922,45.3202],[148.3909,45.32],[148.3897,45.32],[148.3891,45.3199],[148.3888,45.3201],[148.3885,45.3196],[148.3873,45.3195],[148.3868,45.3196],[148.3858,45.3196],[148.3848,45.3198],[148.3839,45.32],[148.3834,45.32],[148.3826,45.3196],[148.3824,45.3193],[148.3823,45.3188],[148.3811,45.3174],[148.3798,45.3166],[148.379,45.3162],[148.3785,45.3163],[148.3775,45.3162],[148.3764,45.3164],[148.376,45.3163],[148.3748,45.3163],[148.3743,45.316],[148.374,45.3157],[148.3726,45.3156],[148.3723,45.3158],[148.372,45.3154],[148.3709,45.315],[148.3695,45.3142],[148.3689,45.314],[148.3667,45.3139],[148.3656,45.3135],[148.3653,45.3126],[148.365,45.3122],[148.3641,45.3117],[148.3629,45.3114],[148.3621,45.311],[148.3615,45.3106],[148.3605,45.3094],[148.36,45.3091],[148.3593,45.3088],[148.3585,45.3087],[148.3574,45.3083],[148.3553,45.3075],[148.3541,45.3072],[148.3536,45.3074],[148.3528,45.3075],[148.3528,45.308],[148.3522,45.308],[148.3522,45.3077],[148.352,45.3073],[148.3515,45.3073],[148.3512,45.3069],[148.3518,45.3066],[148.3519,45.3056],[148.3517,45.3051],[148.3517,45.3042],[148.3522,45.3038],[148.3519,45.3028],[148.3517,45.3024],[148.3507,45.3015],[148.35,45.3011],[148.348,45.3004],[148.3463,45.3003],[148.3455,45.3],[148.344,45.2986],[148.3434,45.2986],[148.3428,45.2984],[148.3421,45.2978],[148.3421,45.2976],[148.3429,45.2976],[148.3433,45.2975],[148.343,45.2967],[148.3425,45.2963],[148.3424,45.2961],[148.343,45.2961],[148.3431,45.2958],[148.3431,45.295],[148.3426,45.295],[148.3427,45.2946],[148.3426,45.2944],[148.343,45.2943],[148.3431,45.2938],[148.3437,45.2933],[148.3437,45.2927],[148.3431,45.2919],[148.3427,45.2911],[148.3433,45.2907],[148.3438,45.2907],[148.3443,45.2905],[148.3446,45.2899],[148.3454,45.2894],[148.3448,45.2885],[148.3449,45.2881],[148.3456,45.288],[148.3459,45.2876],[148.3467,45.2873],[148.3472,45.2873],[148.3482,45.2872],[148.3482,45.2863],[148.3489,45.2667],[148.3497,45.2426],[148.35,45.2333],[148.3507,45.2308],[148.3553,45.23],[148.3606,45.2292],[148.3623,45.2289],[148.3636,45.2285],[148.3654,45.2279],[148.366,45.2273]]],[[[148.4915,45.2541],[148.4918,45.2533],[148.4922,45.2532],[148.4925,45.2532],[148.4928,45.2536],[148.4927,45.2542],[148.493,45.2544],[148.4928,45.2548],[148.4925,45.2549],[148.4915,45.2548],[148.4915,45.2541]]],[[[148.5589,45.3042],[148.5584,45.3041],[148.5583,45.3037],[148.5586,45.3034],[148.5592,45.3035],[148.5597,45.3034],[148.5601,45.3035],[148.5608,45.3038],[148.5605,45.3041],[148.5593,45.3044],[148.5589,45.3042]]],[[[148.7137,45.3347],[148.7144,45.3346],[148.7145,45.3343],[148.7149,45.3341],[148.7157,45.3342],[148.716,45.3345],[148.716,45.3347],[148.7152,45.3351],[148.7143,45.3351],[148.7137,45.3347]]],[[[148.8904,45.485],[148.8907,45.4852],[148.8909,45.4856],[148.8904,45.4859],[148.89,45.4858],[148.8889,45.485],[148.8894,45.4845],[148.8897,45.485],[148.8904,45.485]]],[[[148.7267,45.3331],[148.7272,45.3332],[148.7274,45.3335],[148.7278,45.3333],[148.7284,45.3333],[148.7289,45.3338],[148.7287,45.334],[148.7271,45.3337],[148.7267,45.3331]]],[[[148.636,45.3316],[148.6357,45.3317],[148.6343,45.3317],[148.6342,45.3315],[148.6356,45.3314],[148.6354,45.3313],[148.6346,45.3312],[148.6342,45.331],[148.6359,45.3311],[148.6364,45.3313],[148.636,45.3316]]],[[[148.6106,45.5001],[148.6109,45.5003],[148.6109,45.5008],[148.6102,45.501],[148.6096,45.5009],[148.6093,45.5007],[148.6098,45.5004],[148.6101,45.5005],[148.6106,45.5001]]],[[[148.7033,45.3331],[148.7039,45.3334],[148.7038,45.3338],[148.7029,45.3336],[148.7022,45.3331],[148.7024,45.3329],[148.7033,45.3331]]],[[[148.3866,45.2303],[148.3869,45.23],[148.3877,45.2303],[148.3881,45.2307],[148.3878,45.2311],[148.3874,45.2309],[148.3866,45.2303]]],[[[148.6562,45.5428],[148.6562,45.5425],[148.6568,45.542],[148.6574,45.5419],[148.6572,45.5423],[148.6573,45.5427],[148.6568,45.5429],[148.6562,45.5428]]],[[[148.5772,45.4916],[148.5774,45.4914],[148.5786,45.4914],[148.5788,45.4917],[148.5783,45.4922],[148.5772,45.4916]]],[[[148.4697,45.2543],[148.4697,45.2546],[148.4694,45.2547],[148.4685,45.2543],[148.4689,45.2538],[148.4693,45.2538],[148.4697,45.2543]]],[[[148.7369,45.3364],[148.7367,45.3359],[148.7374,45.3357],[148.7377,45.3361],[148.7373,45.3365],[148.7369,45.3364]]],[[[148.3445,45.3006],[148.3441,45.3008],[148.3431,45.3009],[148.3427,45.3007],[148.3435,45.3006],[148.3441,45.3004],[148.3445,45.3006]]],[[[148.4934,45.2545],[148.4932,45.2541],[148.4938,45.2537],[148.4943,45.2541],[148.4938,45.2547],[148.4934,45.2545]]],[[[148.4956,45.2576],[148.4952,45.2574],[148.4957,45.2569],[148.4964,45.2567],[148.4966,45.2569],[148.4957,45.2573],[148.4956,45.2576]]],[[[148.7342,45.3355],[148.7338,45.3352],[148.7339,45.335],[148.7345,45.3351],[148.735,45.3348],[148.7352,45.3352],[148.7342,45.3355]]],[[[148.6954,45.541],[148.6959,45.541],[148.6957,45.5414],[148.6956,45.5419],[148.6952,45.5419],[148.6951,45.5417],[148.6954,45.541]]],[[[148.5064,45.2592],[148.5054,45.2593],[148.5054,45.2591],[148.5059,45.2589],[148.5067,45.2588],[148.5064,45.2592]]],[[[148.4923,45.4215],[148.4928,45.4217],[148.4927,45.4221],[148.4924,45.4224],[148.4921,45.4222],[148.4925,45.422],[148.4923,45.4215]]],[[[148.5988,45.3198],[148.5986,45.3202],[148.5982,45.3202],[148.5981,45.3199],[148.5985,45.3195],[148.5991,45.3195],[148.5988,45.3198]]],[[[148.4934,45.253],[148.493,45.2532],[148.4926,45.2529],[148.4931,45.2524],[148.4934,45.2526],[148.4934,45.253]]],[[[148.7208,45.3346],[148.7205,45.3341],[148.721,45.3341],[148.7212,45.3344],[148.7208,45.3346]]],[[[148.7305,45.3348],[148.7298,45.3349],[148.7301,45.3344],[148.7309,45.3344],[148.731,45.3347],[148.7305,45.3348]]],[[[148.496,45.2508],[148.4953,45.2506],[148.4954,45.2504],[148.4959,45.2503],[148.4964,45.2507],[148.496,45.2508]]],[[[148.4696,45.256],[148.4692,45.2559],[148.469,45.2552],[148.4693,45.255],[148.4696,45.2556],[148.4696,45.256]]],[[[148.4384,45.2523],[148.438,45.2521],[148.4384,45.2517],[148.4389,45.2518],[148.4388,45.2521],[148.4384,45.2523]]],[[[148.4138,45.334],[148.4143,45.3341],[148.414,45.3344],[148.4134,45.3344],[148.4134,45.3342],[148.4138,45.334]]],[[[148.377,45.3164],[148.3774,45.3164],[148.3774,45.3168],[148.3769,45.3168],[148.377,45.3164]]],[[[148.6658,45.5396],[148.6657,45.5393],[148.6659,45.5389],[148.6662,45.5388],[148.6663,45.5392],[148.6662,45.5395],[148.6658,45.5396]]],[[[148.5553,45.302],[148.5545,45.3025],[148.5543,45.3024],[148.5545,45.302],[148.5551,45.3018],[148.5553,45.302]]],[[[148.5713,45.4842],[148.5713,45.4847],[148.5709,45.4845],[148.5713,45.4842]]],[[[148.5638,45.31],[148.5635,45.3099],[148.5637,45.3095],[148.5642,45.3094],[148.5642,45.3097],[148.5638,45.31]]],[[[148.6864,45.5403],[148.6856,45.5405],[148.6856,45.5402],[148.6864,45.54],[148.6864,45.5403]]],[[[148.6272,45.3289],[148.6267,45.3291],[148.6264,45.329],[148.6267,45.3286],[148.6271,45.3286],[148.6272,45.3289]]],[[[148.5413,45.4523],[148.5414,45.4526],[148.5406,45.4526],[148.5408,45.4524],[148.5413,45.4523]]],[[[148.4792,45.4129],[148.4796,45.413],[148.4798,45.4133],[148.4793,45.4135],[148.4789,45.4132],[148.4792,45.4129]]],[[[148.5035,45.261],[148.5026,45.2611],[148.5025,45.2609],[148.5034,45.2608],[148.5035,45.261]]],[[[148.4112,45.3304],[148.4109,45.3305],[148.4103,45.3303],[148.4105,45.33],[148.4109,45.3301],[148.4112,45.3304]]],[[[148.7237,45.3341],[148.7236,45.3337],[148.7241,45.3337],[148.7242,45.334],[148.7237,45.3341]]],[[[148.5384,45.2935],[148.5388,45.2936],[148.5386,45.294],[148.5382,45.2937],[148.5384,45.2935]]],[[[148.5576,45.3041],[148.5576,45.3044],[148.5569,45.3044],[148.5568,45.3043],[148.5575,45.304],[148.5576,45.3041]]],[[[148.8382,45.3351],[148.8389,45.3351],[148.8382,45.3355],[148.8382,45.3351]]],[[[148.361,45.3125],[148.3608,45.3127],[148.3603,45.3122],[148.3606,45.3121],[148.361,45.3125]]],[[[148.6273,45.3297],[148.6269,45.3298],[148.6268,45.3295],[148.6273,45.3294],[148.6273,45.3297]]],[[[148.43,45.3465],[148.4298,45.3468],[148.4294,45.3466],[148.4296,45.3463],[148.43,45.3465]]],[[[148.6784,45.3333],[148.6786,45.3337],[148.6782,45.3337],[148.6784,45.3333]]],[[[148.7682,45.5556],[148.7681,45.556],[148.7678,45.5559],[148.7682,45.5556]]],[[[148.5702,45.4839],[148.5703,45.484],[148.5701,45.4843],[148.5698,45.4842],[148.5702,45.4839]]]]},"properties":{"name":"蘂取村","code":"01700"}}
]}